BasketID,Bread,Butter,Milk,Eggs,Cheese,Beer,Chips,Salsa,Diapers,Wipes,Pasta,Pasta_Sauce,Coffee,Sugar,Apples,Bananas,Yogurt,Cereal
1,F,F,F,F,F,T,T,T,T,T,T,T,F,F,F,F,F,F
2,F,F,F,F,T,T,F,F,F,T,T,T,T,F,F,F,F,F
3,F,F,F,F,F,T,T,F,F,F,T,T,F,F,F,F,F,T
4,T,F,F,F,F,F,F,T,F,F,F,T,F,F,F,F,F,T
5,T,T,T,F,T,T,T,F,T,T,T,T,T,T,F,F,F,F
6,F,F,T,F,F,T,T,F,F,F,F,F,F,F,F,T,T,T
7,T,F,T,F,F,T,F,F,F,F,F,T,F,F,F,F,F,F
8,F,F,T,F,T,F,F,F,F,F,F,F,T,T,F,F,F,F
9,F,F,F,F,F,F,F,F,F,T,F,F,F,F,F,F,F,F
10,F,F,T,F,F,F,F,F,F,F,T,T,F,F,F,F,F,T
11,F,F,T,F,F,T,T,T,F,F,F,F,T,T,F,F,F,F
12,T,T,T,F,F,F,F,F,F,F,F,F,T,T,T,F,F,T
13,T,T,T,F,F,F,T,F,F,F,T,T,F,T,F,T,F,T
14,F,F,F,F,F,F,F,F,T,T,T,T,T,F,F,F,F,F
15,F,F,F,F,F,F,T,T,T,F,F,F,F,F,F,F,F,F
16,T,F,F,F,F,F,F,F,F,F,F,F,F,F,F,F,F,F
17,F,F,T,F,F,F,F,F,F,F,T,T,F,F,F,F,F,F
18,F,F,F,F,F,T,T,F,F,F,F,T,F,F,F,F,F,F
19,T,T,F,F,F,T,T,F,T,F,T,F,F,F,F,T,F,F
20,T,T,T,T,F,F,F,F,F,F,F,F,F,F,F,F,F,F
21,T,T,F,F,F,F,F,F,F,F,F,F,T,F,F,T,T,T
22,F,F,T,F,F,F,F,F,T,T,F,F,F,F,F,F,F,F
23,F,F,F,F,F,F,F,F,F,F,F,F,F,F,F,F,F,T
24,T,T,T,F,F,F,T,T,F,F,F,F,F,F,F,T,F,T
25,T,T,T,T,F,T,T,F,F,F,F,F,F,F,F,F,F,F
26,F,F,F,T,T,F,F,F,F,F,T,F,F,F,T,F,F,F
27,F,F,F,F,T,F,T,T,T,F,F,F,F,T,F,F,F,T
28,T,T,T,T,T,F,F,F,T,F,F,T,F,F,F,F,F,T
29,T,F,T,F,F,F,F,F,F,F,T,F,F,F,T,F,F,F
30,F,F,T,F,F,F,F,F,F,T,T,F,T,F,F,F,T,F
31,F,F,F,F,F,F,F,T,T,F,F,T,F,F,F,T,F,F
32,F,F,F,F,F,F,F,F,F,F,F,F,F,T,F,F,F,F
33,F,F,F,F,F,F,F,F,F,F,F,F,F,T,F,F,F,F
34,F,F,F,F,F,F,F,F,F,F,F,F,F,F,F,F,T,F
35,F,F,F,F,F,F,F,F,F,T,T,T,F,F,F,T,F,F
36,F,F,F,F,F,F,F,T,F,F,F,F,F,F,F,F,F,F
37,F,F,F,F,F,F,F,F,F,F,T,T,T,T,F,F,F,F
38,T,T,F,F,F,F,F,F,F,F,F,F,F,F,F,F,F,F
39,T,F,F,F,F,F,F,F,F,F,T,T,F,T,F,F,F,F
40,F,F,T,F,F,F,F,F,F,F,F,F,F,F,F,F,F,F
41,T,T,T,F,F,T,F,F,T,F,F,F,T,T,F,T,F,F
42,T,T,F,F,F,T,T,F,F,F,F,F,F,F,F,F,F,F
43,F,F,F,F,F,F,F,F,T,T,F,F,F,F,F,F,T,F
44,F,T,F,F,F,F,F,F,F,F,F,F,F,F,T,T,F,T
45,F,F,T,F,T,T,F,F,T,T,F,F,F,F,F,F,F,T
46,F,F,F,F,F,T,F,F,T,F,F,F,F,F,T,F,F,F
47,F,T,F,F,T,F,F,F,F,T,F,F,F,F,F,T,F,T
48,T,T,T,F,F,T,T,F,F,T,F,F,F,F,F,F,F,F
49,T,F,F,F,F,F,F,F,F,F,T,F,T,F,F,F,T,F
50,T,T,T,F,F,F,F,F,F,F,F,F,F,F,F,F,T,T
51,F,F,T,F,F,F,F,F,F,F,F,F,F,F,F,F,F,T
52,T,F,T,F,F,F,F,F,F,F,T,T,F,F,T,F,F,T
53,F,F,F,F,F,F,F,F,F,F,F,F,T,F,F,F,F,F
54,F,F,F,F,F,F,F,F,T,F,F,F,T,F,F,F,F,F
55,F,F,F,F,F,F,F,F,F,F,F,F,T,F,F,T,F,F
56,T,F,F,F,F,F,F,F,F,F,T,T,T,T,F,F,F,F
57,F,F,F,F,F,F,F,F,F,F,T,T,F,F,F,F,F,F
58,T,T,F,F,F,T,F,F,T,T,T,F,T,F,F,F,F,T
59,T,F,F,F,F,F,F,F,F,F,F,F,F,F,F,T,F,F
60,T,T,F,T,F,F,T,T,F,F,F,F,F,F,F,F,F,F
61,F,F,F,F,F,F,T,T,F,F,T,F,F,F,F,F,F,T
62,T,T,T,F,F,F,F,T,F,F,F,F,T,F,F,F,F,F
63,T,F,F,F,T,F,T,T,F,F,F,T,F,F,F,F,F,F
64,T,T,T,F,F,T,T,T,F,F,T,T,T,T,F,F,F,T
65,F,F,T,F,T,T,F,F,T,F,F,F,F,F,F,F,F,F
66,F,F,T,F,F,F,F,F,F,F,F,F,F,F,F,F,F,F
67,F,F,F,T,F,F,F,F,F,F,T,T,F,F,F,F,F,F
68,F,F,F,F,F,F,F,F,F,F,F,F,T,F,F,F,F,F
69,F,F,F,F,F,F,F,F,F,F,F,F,T,F,F,F,F,F
70,F,T,F,F,F,F,F,F,F,F,F,T,F,F,F,F,F,T
71,T,T,T,F,F,F,F,F,T,T,T,F,F,F,F,F,F,T
72,T,T,F,F,F,F,F,T,F,F,F,T,F,F,F,F,F,F
73,F,F,F,F,F,F,F,F,F,F,F,F,F,F,F,T,F,F
74,F,F,T,F,F,T,T,F,T,F,F,F,T,F,T,F,F,F
75,F,F,T,F,T,F,F,F,F,F,F,F,F,F,F,F,F,T
76,F,T,T,F,F,F,F,F,F,F,F,F,T,F,F,F,F,T
77,F,F,F,T,F,T,T,T,F,F,T,F,F,F,F,F,F,F
78,F,F,F,F,F,F,F,F,F,F,F,T,F,F,F,T,F,F
79,T,T,T,F,F,T,T,T,T,T,T,T,F,F,F,F,F,F
80,F,F,F,F,F,F,F,F,F,F,F,F,F,F,F,F,T,F
81,T,T,T,F,F,F,F,F,F,F,T,F,F,F,F,F,F,F
82,F,F,F,F,F,F,F,F,F,F,T,T,F,F,F,T,F,F
83,F,F,T,F,T,F,F,F,T,T,F,F,T,T,F,T,F,T
84,F,T,F,F,T,T,T,F,F,F,F,F,F,F,F,F,F,F
85,F,F,F,F,T,T,T,F,F,F,T,T,F,F,T,F,F,F
86,F,T,F,F,T,T,F,F,F,F,F,F,F,F,F,F,F,F
87,F,F,T,F,T,F,F,F,F,F,F,F,T,T,F,F,F,F
88,T,T,F,F,T,F,F,F,F,F,T,T,F,F,F,T,F,F
89,F,F,F,F,F,F,F,F,F,F,F,F,T,F,F,F,F,F
90,F,F,F,F,T,F,F,F,F,F,T,F,F,F,F,F,T,F
91,T,T,F,F,F,T,T,F,F,F,F,F,F,F,F,F,F,F
92,T,F,T,F,T,F,T,T,F,F,T,F,T,T,T,F,F,F
93,T,F,F,F,F,F,F,F,F,T,F,F,F,T,F,T,F,F
94,F,F,F,F,F,F,F,T,F,F,F,F,F,F,F,T,F,F
95,F,F,F,F,F,F,F,F,F,F,F,F,F,F,T,F,F,F
96,F,F,T,F,F,F,F,F,F,F,F,T,T,F,F,T,F,T
97,F,F,F,F,F,F,F,F,F,T,T,T,F,F,F,F,F,F
98,T,T,T,F,F,T,F,F,T,T,F,F,F,F,F,F,F,F
99,T,F,T,F,F,T,T,T,F,F,F,F,F,F,F,F,F,F
100,T,F,T,F,F,F,F,F,F,F,F,F,T,F,F,T,F,F
101,F,F,F,F,F,T,F,F,T,T,T,T,T,F,F,F,F,F
102,T,T,T,F,F,F,F,T,F,F,F,F,F,F,F,F,F,F
103,T,F,T,F,F,F,F,T,T,F,F,T,F,F,T,F,F,F
104,F,F,F,F,F,F,T,F,F,F,T,F,F,F,F,F,T,F
105,T,F,F,F,F,T,T,F,F,F,T,T,F,F,F,F,F,F
106,T,T,T,T,F,T,T,F,F,F,F,F,T,F,F,F,F,T
107,F,F,F,F,F,F,F,F,F,F,F,F,T,F,F,T,F,T
108,T,T,F,F,F,F,T,F,F,F,T,F,F,F,F,T,F,F
109,F,T,F,F,T,T,F,F,F,F,T,T,F,F,F,T,T,T
110,F,F,F,F,T,T,T,T,F,F,T,T,F,F,F,F,F,F
111,F,F,T,F,T,F,F,F,F,F,F,F,T,F,F,F,T,T
112,T,T,T,F,F,T,T,T,T,F,T,F,F,F,F,F,F,T
113,F,F,F,F,F,F,F,F,T,T,F,F,T,F,T,T,F,T
114,F,T,F,F,F,T,T,T,F,T,T,T,T,T,F,F,F,T
115,T,T,T,F,F,F,F,F,F,F,F,F,T,T,F,T,F,F
116,F,F,F,F,T,F,F,F,F,F,F,F,F,F,F,F,F,F
117,T,F,T,F,T,F,F,F,F,F,T,T,F,F,F,F,T,T
118,T,T,F,T,F,F,F,F,F,F,T,T,T,T,F,F,F,F
119,T,T,F,F,T,F,F,T,F,F,F,F,F,T,F,F,F,F
120,F,F,T,F,F,F,F,F,F,F,F,T,F,F,F,F,F,T
121,T,T,T,F,F,F,F,F,F,F,F,F,T,F,F,F,T,F
122,F,F,F,F,F,F,T,T,F,F,F,F,F,F,F,F,F,F
123,F,F,F,F,F,T,T,F,F,F,F,F,T,F,F,F,F,F
124,F,F,F,F,F,T,F,F,F,F,F,F,F,F,F,F,F,F
125,T,T,F,F,F,T,T,T,F,F,F,T,T,T,F,T,F,F
126,T,T,F,F,F,F,F,F,F,F,F,F,F,F,T,F,T,F
127,F,F,F,F,F,T,F,T,T,T,F,F,F,F,F,F,F,F
128,F,F,T,T,F,F,F,F,F,F,T,T,F,F,F,F,F,T
129,F,F,F,F,F,F,F,F,F,F,F,F,T,T,F,F,F,F
130,F,F,F,T,F,T,T,F,F,T,F,F,T,F,F,T,F,T
131,F,F,F,F,F,F,T,T,F,F,F,F,F,F,F,F,F,F
132,T,F,F,T,T,F,T,T,F,F,T,T,F,T,F,F,F,T
133,T,T,T,F,F,T,T,F,F,F,F,F,F,F,F,F,F,F
134,F,F,F,F,F,T,T,F,T,F,F,T,F,F,F,F,F,F
135,F,F,F,F,F,F,F,F,F,F,T,T,T,F,F,F,F,F
136,F,F,F,F,F,T,F,F,T,F,F,F,F,F,F,F,F,F
137,F,F,T,F,T,F,F,F,F,F,T,T,F,F,F,T,F,T
138,F,F,F,F,F,F,F,F,T,F,F,F,F,F,F,F,F,F
139,T,T,T,F,F,T,T,T,F,F,F,F,F,F,F,F,F,F
140,F,F,T,F,F,F,F,F,F,T,F,T,F,T,F,F,F,T
141,F,F,F,F,T,T,F,F,T,T,F,F,F,F,F,F,F,F
142,T,F,F,F,F,F,F,F,F,F,F,F,F,F,F,T,F,F
143,F,F,F,F,F,F,F,T,F,F,F,F,F,F,F,F,F,F
144,F,F,F,F,F,T,T,T,T,F,F,F,F,F,F,F,F,F
145,F,F,T,F,F,F,F,F,F,F,F,F,F,F,F,F,F,T
146,T,T,T,F,F,T,T,T,F,T,F,F,T,F,F,F,F,F
147,F,F,F,T,F,F,F,F,F,F,F,F,F,F,F,F,F,F
148,T,F,T,F,F,T,F,F,F,F,F,F,F,F,F,F,F,F
149,F,F,F,F,T,T,T,F,F,T,T,F,F,T,T,F,F,F
150,F,F,T,F,F,F,F,F,F,F,F,F,F,F,F,T,T,T
151,T,T,F,F,F,F,T,T,F,F,F,F,F,F,T,F,F,T
152,T,F,T,F,F,F,F,F,F,F,T,T,T,F,F,F,F,F
153,F,F,F,T,F,F,F,F,F,F,F,F,T,T,T,F,F,F
154,T,F,F,F,F,T,F,F,F,F,F,F,T,F,F,F,F,F
155,F,F,F,T,F,F,F,F,F,F,T,T,F,F,F,T,T,T
156,F,F,T,F,T,T,F,F,T,F,F,F,T,T,F,F,F,F
157,T,T,F,T,F,F,F,F,T,F,T,T,F,F,F,F,F,F
158,T,F,T,F,F,F,F,F,T,F,F,F,F,F,F,F,F,F
159,T,T,T,F,F,F,F,F,F,F,F,F,T,T,F,F,F,F
160,T,T,T,F,F,F,F,F,F,F,F,F,T,F,F,F,F,F
161,F,F,F,F,F,T,F,F,T,F,F,F,F,F,F,F,F,T
162,F,F,F,T,F,F,F,F,F,F,F,F,F,F,F,F,F,F
163,T,T,T,T,F,F,F,F,F,F,F,T,F,F,T,F,F,F
164,T,T,F,F,T,F,F,F,F,F,T,T,F,F,F,T,F,T
165,F,F,F,F,F,F,T,T,F,F,F,F,F,T,F,F,F,F
166,T,T,F,F,F,T,F,F,F,F,F,F,F,F,F,F,F,F
167,T,T,F,F,F,F,F,F,F,F,F,F,F,F,F,F,F,F
168,T,F,T,F,F,T,T,F,F,F,F,F,T,F,F,F,F,T
169,F,F,T,F,F,T,F,F,F,F,F,F,T,T,F,F,F,F
170,T,T,T,F,F,T,T,F,T,F,F,F,F,T,F,F,F,F
171,T,F,T,F,F,T,T,T,T,T,F,F,F,T,F,F,F,T
172,F,F,T,F,F,F,F,F,F,F,F,F,T,F,F,F,F,F
173,F,F,F,F,T,F,F,T,F,F,T,F,F,F,F,F,F,F
174,F,F,T,F,F,T,F,F,F,F,T,F,F,F,F,T,F,T
175,F,T,F,F,F,T,T,F,F,F,F,F,F,F,F,T,F,F
176,F,F,F,F,F,T,F,F,F,F,F,F,F,F,F,F,F,F
177,T,F,F,F,F,F,F,T,F,F,F,F,F,F,T,F,F,F
178,F,F,F,F,F,F,F,T,F,T,F,F,F,F,F,F,F,F
179,F,F,F,F,F,F,F,T,F,F,F,F,T,F,F,F,F,F
180,F,F,F,F,F,F,T,F,F,F,T,F,F,F,F,F,F,F
181,F,F,F,F,F,T,F,F,F,F,F,F,F,F,F,F,F,F
182,T,F,F,F,F,F,F,F,F,F,T,T,F,F,F,F,F,T
183,F,F,F,F,F,F,T,F,F,F,F,F,F,F,T,T,F,T
184,F,F,F,F,F,F,F,F,T,T,F,F,F,T,F,F,F,F
185,F,F,F,F,T,F,F,F,F,F,F,F,T,F,F,T,F,F
186,F,F,T,F,F,F,F,F,T,F,F,F,F,F,F,T,F,T
187,F,F,F,F,T,T,T,T,F,F,F,F,F,F,F,F,F,T
188,T,T,T,F,T,F,F,F,F,T,F,F,F,F,F,F,F,F
189,F,F,T,F,F,T,T,F,T,F,T,T,T,T,F,F,F,F
190,F,F,T,F,F,T,T,F,F,T,F,F,T,T,F,F,F,T
191,F,T,F,F,T,T,F,F,F,F,F,F,F,F,F,F,F,F
192,T,T,F,T,F,F,F,F,T,F,F,F,T,T,F,F,F,F
193,F,F,F,F,F,F,F,F,T,F,T,T,F,F,F,F,F,F
194,F,F,F,F,F,F,F,F,F,F,F,F,F,F,T,F,F,F
195,T,T,T,F,F,T,T,T,F,F,F,F,T,F,F,F,T,F
196,F,T,T,F,F,F,F,F,T,F,F,F,T,T,F,F,F,T
197,F,F,F,F,T,T,T,T,T,F,F,F,T,T,F,F,F,F
198,T,F,F,F,F,F,F,F,F,F,F,F,F,F,F,F,F,F
199,T,T,F,F,F,F,F,F,F,F,F,F,F,F,F,F,T,F
200,F,T,F,F,F,F,F,F,F,F,F,F,F,F,F,F,F,F
201,F,F,F,F,F,F,F,T,F,F,T,T,F,F,T,F,F,F
202,F,F,F,F,F,T,F,T,F,F,T,F,F,F,F,T,F,T
203,T,F,F,F,T,T,F,F,F,F,F,F,F,F,F,T,F,F
204,T,T,F,F,F,F,F,F,F,F,T,T,F,F,F,F,F,F
205,T,T,F,T,T,T,T,F,F,F,T,T,F,T,F,F,F,F
206,F,F,T,F,F,T,T,T,F,F,F,F,F,F,F,F,F,T
207,T,T,T,F,F,T,F,F,F,F,T,F,F,F,F,F,T,F
208,F,F,T,F,F,T,T,F,F,F,F,F,F,F,F,F,F,T
209,F,F,T,F,T,F,T,F,F,F,T,T,T,F,F,T,T,T
210,T,T,F,F,T,F,F,F,F,F,F,F,F,F,F,F,T,F
211,T,T,F,F,F,F,F,F,F,F,F,F,T,F,F,F,F,F
212,F,T,F,F,F,F,F,F,F,F,F,T,F,F,T,F,F,T
213,F,F,F,T,T,T,F,F,F,F,F,F,T,F,F,F,F,F
214,T,F,T,F,F,F,F,F,F,F,F,F,T,F,F,T,T,T
215,F,F,F,F,F,T,T,F,F,F,F,F,F,F,F,F,T,T
216,F,F,F,F,T,F,F,F,F,F,F,F,F,F,F,F,F,F
217,T,T,T,F,F,T,F,F,T,F,F,F,F,F,F,F,F,F
218,T,F,F,F,F,T,F,F,F,F,T,F,F,F,F,F,F,T
219,T,T,F,F,F,T,F,F,T,T,T,T,T,T,F,F,F,F
220,T,F,F,F,F,T,T,T,F,F,F,F,F,F,F,F,F,F
221,T,T,T,F,F,T,F,F,T,F,F,F,F,F,F,F,F,F
222,T,T,T,F,F,F,F,T,T,F,T,F,F,F,F,F,F,T
223,F,F,F,F,F,F,F,F,F,T,F,F,T,F,F,F,F,F
224,T,T,T,F,F,T,T,F,F,F,F,F,F,F,F,F,F,F
225,T,F,T,F,F,F,F,F,F,F,F,F,F,F,F,T,F,T
226,F,F,T,F,F,T,T,F,T,F,F,F,F,F,F,F,F,T
227,T,F,T,T,F,F,F,F,T,F,T,F,F,F,F,T,F,T
228,T,T,T,F,F,T,T,T,T,T,F,F,F,F,T,F,F,F
229,T,T,F,F,T,F,F,F,F,F,T,T,F,F,F,F,T,F
230,T,T,T,F,F,T,T,T,F,F,F,F,F,F,F,T,F,T
231,F,F,F,F,F,F,F,F,F,F,F,F,F,T,F,F,F,F
232,T,T,F,T,F,T,F,F,T,T,F,F,F,F,F,F,F,F
233,T,F,T,F,T,T,T,T,F,T,T,T,F,F,F,T,F,T
234,F,F,T,F,T,T,T,F,F,F,T,T,F,F,F,F,F,F
235,F,F,F,F,F,T,T,F,F,F,F,T,F,F,F,T,F,F
236,T,F,F,F,F,F,F,F,F,F,F,F,F,T,F,F,F,F
237,T,T,F,F,T,F,F,F,F,F,F,F,F,F,F,T,T,F
238,F,T,F,F,T,T,T,T,F,F,T,F,F,F,F,F,F,F
239,T,F,T,F,F,F,F,F,F,F,F,F,T,T,F,F,F,F
240,F,F,F,F,F,F,F,F,F,F,F,F,F,F,F,T,F,F
241,T,F,F,F,F,T,T,F,F,T,F,T,F,F,T,F,F,F
242,T,T,F,F,F,T,T,T,T,T,F,F,F,F,F,F,F,F
243,F,T,F,F,F,F,F,F,F,F,F,F,F,F,T,F,T,F
244,T,T,F,F,F,F,F,F,T,T,T,T,F,F,F,F,F,F
245,F,F,F,F,F,T,F,F,F,F,F,F,F,F,F,F,F,F
246,F,F,T,F,F,F,F,F,F,F,F,F,F,F,F,F,F,T
247,T,T,F,F,F,F,F,F,F,F,F,F,F,F,F,T,F,F
248,F,F,F,F,F,T,F,T,F,F,F,F,F,F,F,F,F,F
249,F,F,F,F,F,T,T,F,F,F,F,F,F,F,F,F,F,F
250,F,F,F,F,F,T,T,T,F,F,F,F,F,F,F,F,F,F
251,T,T,T,F,F,F,F,T,F,F,F,F,F,F,F,F,F,F
252,F,F,F,F,F,T,T,F,F,F,F,F,T,T,T,F,F,T
253,T,T,F,F,F,F,F,F,F,F,T,T,F,F,F,F,F,F
254,T,T,T,F,F,F,F,F,F,F,F,F,F,T,F,F,F,F
255,F,T,F,F,F,F,F,F,F,F,F,T,F,F,F,T,F,T
256,F,F,T,F,F,F,T,F,F,T,T,F,T,T,F,T,F,T
257,T,F,F,F,T,F,F,T,F,F,F,F,F,F,F,F,F,T
258,F,F,T,F,F,T,T,T,T,T,F,F,T,T,F,F,F,F
259,F,T,F,F,F,F,F,F,F,F,F,F,F,F,F,T,F,F
260,T,F,F,F,F,T,T,F,T,T,F,T,F,F,F,F,F,F
261,F,F,F,F,F,F,F,T,F,T,F,F,F,F,F,F,F,F
262,F,F,F,T,F,T,T,T,F,F,T,T,F,F,T,F,F,F
263,F,F,T,F,F,T,F,F,F,F,F,F,T,F,F,F,F,T
264,T,T,T,T,F,F,F,F,F,F,F,F,F,F,F,F,F,F
265,F,F,F,F,F,T,T,F,F,F,F,F,F,F,F,F,F,F
266,T,F,F,T,F,T,T,T,F,F,T,T,F,F,F,F,F,F
267,T,T,F,F,F,F,F,T,F,F,F,F,T,F,F,F,T,F
268,T,F,F,F,F,T,T,T,T,F,F,F,T,F,F,T,T,F
269,T,F,F,F,F,T,T,T,T,T,T,F,F,F,F,F,F,T
270,T,F,F,F,F,F,F,F,F,F,F,F,F,F,F,F,F,F
271,F,F,F,F,F,F,F,F,F,F,F,F,T,F,F,F,F,F
272,F,T,T,T,F,F,F,F,F,F,F,F,T,T,T,F,F,F
273,F,F,F,F,T,F,F,F,F,F,T,F,T,F,F,F,F,F
274,F,F,T,F,F,F,F,F,F,F,T,T,T,T,F,F,F,T
275,F,F,F,F,F,T,F,F,F,F,F,F,F,F,F,F,F,F
276,F,F,F,F,F,F,F,F,T,F,F,F,F,F,F,F,F,F
277,F,F,T,F,F,F,F,F,T,T,T,T,F,F,F,F,T,F
278,F,F,F,F,T,T,T,T,T,F,T,T,F,F,F,F,T,F
279,T,T,F,F,F,F,F,F,F,F,F,T,F,F,F,F,F,F
280,T,F,F,F,F,F,F,T,F,F,F,F,F,F,F,F,F,F
281,F,F,T,F,F,F,F,F,F,F,F,F,F,F,T,F,F,T
282,T,F,T,F,T,F,F,F,F,F,T,F,F,F,F,T,F,T
283,F,F,F,F,F,F,F,F,F,F,F,F,T,F,F,F,F,T
284,F,F,T,F,F,F,F,T,F,F,F,F,F,F,F,F,F,T
285,F,F,F,F,T,F,F,F,F,F,F,F,F,F,F,F,F,F
286,T,T,T,T,T,F,F,F,F,F,T,T,F,F,F,F,T,F
287,F,T,F,F,F,F,F,F,T,F,F,F,T,F,F,F,F,T
288,F,F,F,F,F,T,F,F,F,F,F,F,F,T,F,F,F,F
289,T,F,T,F,F,T,F,F,F,F,T,T,T,F,T,F,T,T
290,T,T,F,F,F,T,F,F,F,F,F,F,F,F,F,F,F,F
291,T,F,F,F,F,F,F,F,F,F,F,F,T,F,F,F,F,F
292,F,F,F,F,F,F,F,F,F,F,F,F,F,F,F,T,F,F
293,T,T,T,F,F,T,T,T,F,T,F,F,T,F,F,F,F,F
294,F,F,F,F,T,F,F,F,F,F,F,F,F,F,F,F,F,F
295,F,F,F,F,F,F,F,F,F,F,F,F,T,T,F,F,F,F
296,F,F,F,F,F,T,T,T,F,T,F,F,F,F,F,F,F,F
297,T,T,T,F,T,F,F,F,F,F,F,F,F,F,F,T,F,T
298,T,T,T,F,F,F,F,F,F,F,F,F,T,F,F,F,T,T
299,F,F,T,F,F,F,F,F,T,F,F,F,F,F,F,T,F,T
300,F,F,F,F,F,F,T,T,F,F,T,T,F,F,F,F,F,F
301,F,F,F,F,F,T,T,T,F,F,F,F,T,T,F,F,F,F
302,F,F,F,T,F,F,F,F,F,F,F,F,T,F,F,F,F,F
303,F,F,F,F,F,T,F,T,T,T,F,F,F,F,F,F,F,F
304,F,F,F,F,F,T,T,F,T,T,F,F,T,F,F,F,F,F
305,F,F,F,F,F,F,F,F,F,F,F,F,T,F,F,F,F,F
306,F,F,F,F,F,T,F,F,T,F,F,F,F,F,F,F,F,F
307,T,F,F,F,F,F,F,F,T,T,T,F,F,F,F,F,F,F
308,F,F,T,F,F,F,F,F,F,T,F,F,T,T,F,F,F,F
309,F,T,F,F,F,F,F,F,F,F,T,T,F,T,F,F,F,F
310,F,F,F,T,T,F,F,F,F,F,F,F,F,F,F,F,F,F
311,T,F,F,F,F,T,F,F,T,T,T,T,T,F,F,F,T,F
312,F,T,F,T,F,F,F,F,F,F,T,F,F,F,F,F,T,F
313,T,T,T,F,F,F,F,F,T,T,T,F,F,F,F,F,T,T
314,T,T,F,F,F,T,T,T,F,F,F,F,T,F,F,F,F,F
315,T,T,F,F,F,T,T,F,F,F,F,F,F,F,F,F,F,F
316,F,F,F,F,T,F,F,F,F,F,T,F,F,F,T,F,F,F
317,T,T,T,F,F,F,F,F,F,F,F,F,F,F,F,F,F,T
318,F,F,T,F,F,T,F,F,F,F,F,F,T,T,F,T,F,T
319,T,T,T,T,F,F,F,F,F,F,F,F,F,F,F,F,F,T
320,F,F,F,F,F,T,F,F,T,T,F,F,F,F,F,T,F,F
321,T,F,F,F,F,F,F,F,F,F,F,F,F,T,F,F,F,F
322,T,T,F,F,F,F,F,F,F,F,F,T,F,F,F,F,F,F
323,F,F,F,F,T,F,F,T,F,F,F,T,F,F,F,F,F,T
324,F,F,F,F,F,F,T,F,T,F,F,F,F,T,F,F,F,F
325,T,T,T,F,T,F,F,F,T,T,T,T,F,F,F,T,F,T
326,T,T,T,F,F,T,F,F,T,T,F,F,T,T,F,F,T,F
327,T,T,F,F,T,T,F,F,T,T,T,T,F,F,F,F,F,F
328,F,F,T,F,F,T,T,T,F,F,F,F,F,F,F,F,F,F
329,F,F,F,F,F,T,F,F,F,F,T,F,F,T,F,T,F,F
330,F,F,F,F,F,T,F,F,T,T,T,F,T,T,F,F,F,F
331,F,F,T,F,T,T,F,F,T,F,T,T,F,F,F,F,F,T
332,F,F,F,F,T,F,F,F,F,F,F,F,F,F,F,F,F,F
333,T,T,F,T,F,F,F,F,F,F,F,F,T,T,T,T,F,F
334,F,F,F,F,T,F,F,F,F,F,F,F,F,F,F,F,F,F
335,F,F,F,F,F,F,T,T,F,F,T,T,F,F,F,F,F,F
336,T,T,F,F,F,T,T,T,F,F,T,T,F,F,F,F,F,F
337,T,F,T,F,F,T,T,F,T,T,F,F,F,F,F,F,F,F
338,T,T,T,F,T,T,T,F,F,F,T,T,T,T,F,F,F,F
339,F,F,F,T,F,F,F,F,T,T,F,F,T,F,F,T,F,F
340,F,F,F,F,F,F,F,F,F,F,F,T,F,F,F,F,F,F
341,T,T,F,F,F,T,F,F,F,F,F,F,F,F,T,F,T,F
342,F,F,F,F,F,T,F,F,T,F,F,F,F,F,F,F,F,F
343,T,T,T,T,F,T,T,T,T,T,F,F,F,F,F,F,F,F
344,T,F,F,F,F,F,F,F,F,F,F,F,F,F,T,F,F,F
345,F,F,F,F,F,F,T,T,F,F,F,F,F,F,F,F,F,F
346,T,T,F,F,F,T,F,F,F,T,T,T,F,F,F,F,F,F
347,F,F,F,F,T,F,F,T,T,F,F,F,F,T,F,F,F,F
348,T,T,T,F,F,T,T,T,F,F,F,F,T,F,F,F,F,F
349,F,F,F,F,F,F,F,T,F,F,F,F,F,F,F,F,T,F
350,T,F,F,F,F,T,T,F,F,F,F,F,F,F,T,F,T,F
351,F,T,T,F,F,T,F,F,F,F,F,F,F,T,F,F,F,T
352,F,F,F,F,T,F,F,F,F,F,T,T,F,F,F,F,F,F
353,F,F,T,F,F,F,F,F,F,F,F,T,T,F,F,T,F,F
354,F,F,F,F,F,F,F,F,T,T,F,F,T,F,F,F,F,F
355,T,F,T,F,T,T,T,F,F,F,F,F,F,F,F,F,F,T
356,F,T,F,F,F,T,T,F,T,T,F,F,T,T,F,T,F,F
357,T,T,F,F,F,F,F,F,F,F,F,T,F,F,F,F,F,F
358,F,F,F,F,F,T,F,F,T,T,F,F,F,F,F,F,T,F
359,F,F,F,F,F,F,F,T,F,F,F,F,F,F,F,F,F,F
360,F,F,F,F,F,T,T,T,T,F,F,T,F,F,F,F,F,F
361,F,F,F,F,F,F,T,F,F,F,F,F,F,F,F,F,F,F
362,F,F,F,F,F,F,F,F,F,F,F,F,F,F,F,F,F,T
363,F,F,F,F,F,F,F,F,F,T,F,T,F,F,F,F,F,T
364,T,T,F,T,F,T,T,T,F,F,T,F,F,F,F,F,F,F
365,F,F,F,F,T,T,T,F,F,F,F,F,T,F,F,F,T,F
366,T,T,T,F,F,F,F,F,F,T,F,F,T,F,F,F,F,F
367,F,F,T,F,T,F,T,T,F,F,T,T,T,F,F,T,F,T
368,T,F,F,F,T,F,T,F,F,F,T,T,F,F,F,F,F,F
369,T,T,F,F,F,F,F,F,F,F,F,F,F,F,F,F,F,F
370,F,F,F,F,F,F,T,F,F,F,T,T,F,F,T,F,F,F
371,F,F,F,T,F,T,F,F,T,F,F,F,F,F,F,F,F,F
372,T,F,F,F,F,T,T,T,F,F,F,F,F,F,F,F,F,F
373,F,F,F,F,F,T,T,F,F,F,F,F,F,F,F,F,F,F
374,F,F,F,F,T,F,F,F,F,F,T,T,F,T,F,F,F,F
375,F,F,F,F,F,F,F,F,F,F,F,F,F,F,F,F,T,F
376,F,F,F,F,F,T,T,T,F,F,F,F,F,F,F,F,F,T
377,T,T,F,T,F,F,F,F,F,F,F,F,T,F,F,F,F,F
378,F,F,F,F,F,F,T,T,F,F,F,F,F,T,F,F,F,T
379,T,F,F,F,F,F,F,F,F,F,F,F,F,T,F,F,F,T
380,T,T,T,F,F,F,F,F,F,F,F,F,F,T,F,F,F,F
381,T,T,F,F,F,F,F,F,T,F,F,T,T,F,F,F,F,F
382,F,F,F,F,F,F,F,F,F,F,T,F,T,F,F,F,F,F
383,F,T,T,F,F,T,T,F,F,F,T,T,F,F,T,F,F,T
384,T,T,F,F,F,T,F,F,T,T,F,F,F,F,F,F,T,F
385,T,F,F,F,T,F,F,F,F,F,F,T,F,F,F,F,F,F
386,F,F,F,F,F,T,T,T,F,F,T,F,T,T,F,F,F,F
387,F,F,F,F,F,T,T,F,F,F,F,F,F,T,F,F,F,F
388,F,T,F,F,F,F,F,F,F,F,T,T,F,F,F,F,F,T
389,F,F,F,F,F,F,F,F,F,F,F,F,F,F,T,F,F,F
390,F,F,F,F,F,T,F,F,F,F,F,F,F,F,F,T,T,F
391,T,T,T,F,F,F,F,F,F,F,T,T,F,F,F,F,F,F
392,T,F,T,F,F,F,F,T,F,F,F,F,F,F,F,F,F,T
393,F,T,F,F,F,F,F,F,F,F,F,F,F,F,F,F,F,F
394,F,F,T,F,F,F,F,T,F,F,F,T,F,F,F,F,T,F
395,T,F,T,F,F,F,F,F,F,F,F,F,F,F,F,T,T,T
396,T,T,F,F,T,T,F,F,F,F,T,F,F,F,F,F,F,F
397,F,F,T,F,F,F,F,F,F,F,F,F,F,F,F,T,F,T
398,F,F,F,F,F,F,F,F,T,F,T,T,T,F,F,F,F,F
399,F,F,F,F,T,F,F,F,T,F,F,F,F,F,F,F,F,F
400,F,F,F,T,F,T,F,F,F,F,F,F,T,T,F,F,F,F
