BasketID,Item
1,Beer
1,Chips
1,Salsa
1,Diapers
1,Wipes
1,Pasta
1,Pasta Sauce
2,Cheese
2,Beer
2,Wipes
2,Pasta
2,Pasta Sauce
2,Coffee
3,Beer
3,Chips
3,Pasta
3,Pasta Sauce
3,Cereal
4,Bread
4,Salsa
4,Pasta Sauce
4,Cereal
5,Bread
5,Butter
5,Milk
5,Cheese
5,Beer
5,Chips
5,Diapers
5,Wipes
5,Pasta
5,Pasta Sauce
5,Coffee
5,Sugar
6,Milk
6,Beer
6,Chips
6,Bananas
6,Yogurt
6,Cereal
7,Bread
7,Milk
7,Beer
7,Pasta Sauce
8,Milk
8,Cheese
8,Coffee
8,Sugar
9,Wipes
10,Milk
10,Pasta
10,Pasta Sauce
10,Cereal
11,Milk
11,Beer
11,Chips
11,Salsa
11,Coffee
11,Sugar
12,Bread
12,Butter
12,Milk
12,Coffee
12,Sugar
12,Apples
12,Cereal
13,Bread
13,Butter
13,Milk
13,Chips
13,Pasta
13,Pasta Sauce
13,Sugar
13,Bananas
13,Cereal
14,Diapers
14,Wipes
14,Pasta
14,Pasta Sauce
14,Coffee
15,Chips
15,Salsa
15,Diapers
16,Bread
17,Milk
17,Pasta
17,Pasta Sauce
18,Beer
18,Chips
18,Pasta Sauce
19,Bread
19,Butter
19,Beer
19,Chips
19,Diapers
19,Pasta
19,Bananas
20,Bread
20,Butter
20,Milk
20,Eggs
21,Bread
21,Butter
21,Coffee
21,Bananas
21,Yogurt
21,Cereal
22,Milk
22,Diapers
22,Wipes
23,Cereal
24,Bread
24,Butter
24,Milk
24,Chips
24,Salsa
24,Bananas
24,Cereal
25,Bread
25,Butter
25,Milk
25,Eggs
25,Beer
25,Chips
26,Eggs
26,Cheese
26,Pasta
26,Apples
27,Cheese
27,Chips
27,Salsa
27,Diapers
27,Sugar
27,Cereal
28,Bread
28,Butter
28,Milk
28,Eggs
28,Cheese
28,Diapers
28,Pasta Sauce
28,Cereal
29,Bread
29,Milk
29,Pasta
29,Apples
30,Milk
30,Wipes
30,Pasta
30,Coffee
30,Yogurt
31,Salsa
31,Diapers
31,Pasta Sauce
31,Bananas
32,Sugar
33,Sugar
34,Yogurt
35,Wipes
35,Pasta
35,Pasta Sauce
35,Bananas
36,Salsa
37,Pasta
37,Pasta Sauce
37,Coffee
37,Sugar
38,Bread
38,Butter
39,Bread
39,Pasta
39,Pasta Sauce
39,Sugar
40,Milk
41,Bread
41,Butter
41,Milk
41,Beer
41,Diapers
41,Coffee
41,Sugar
41,Bananas
42,Bread
42,Butter
42,Beer
42,Chips
43,Diapers
43,Wipes
43,Yogurt
44,Butter
44,Apples
44,Bananas
44,Cereal
45,Milk
45,Cheese
45,Beer
45,Diapers
45,Wipes
45,Cereal
46,Beer
46,Diapers
46,Apples
47,Butter
47,Cheese
47,Wipes
47,Bananas
47,Cereal
48,Bread
48,Butter
48,Milk
48,Beer
48,Chips
48,Wipes
49,Bread
49,Pasta
49,Coffee
49,Yogurt
50,Bread
50,Butter
50,Milk
50,Yogurt
50,Cereal
51,Milk
51,Cereal
52,Bread
52,Milk
52,Pasta
52,Pasta Sauce
52,Apples
52,Cereal
53,Coffee
54,Diapers
54,Coffee
55,Coffee
55,Bananas
56,Bread
56,Pasta
56,Pasta Sauce
56,Coffee
56,Sugar
57,Pasta
57,Pasta Sauce
58,Bread
58,Butter
58,Beer
58,Diapers
58,Wipes
58,Pasta
58,Coffee
58,Cereal
59,Bread
59,Bananas
60,Bread
60,Butter
60,Eggs
60,Chips
60,Salsa
61,Chips
61,Salsa
61,Pasta
61,Cereal
62,Bread
62,Butter
62,Milk
62,Salsa
62,Coffee
63,Bread
63,Cheese
63,Chips
63,Salsa
63,Pasta Sauce
64,Bread
64,Butter
64,Milk
64,Beer
64,Chips
64,Salsa
64,Pasta
64,Pasta Sauce
64,Coffee
64,Sugar
64,Cereal
65,Milk
65,Cheese
65,Beer
65,Diapers
66,Milk
67,Eggs
67,Pasta
67,Pasta Sauce
68,Coffee
69,Coffee
70,Butter
70,Pasta Sauce
70,Cereal
71,Bread
71,Butter
71,Milk
71,Diapers
71,Wipes
71,Pasta
71,Cereal
72,Bread
72,Butter
72,Salsa
72,Pasta Sauce
73,Bananas
74,Milk
74,Beer
74,Chips
74,Diapers
74,Coffee
74,Apples
75,Milk
75,Cheese
75,Cereal
76,Butter
76,Milk
76,Coffee
76,Cereal
77,Eggs
77,Beer
77,Chips
77,Salsa
77,Pasta
78,Pasta Sauce
78,Bananas
79,Bread
79,Butter
79,Milk
79,Beer
79,Chips
79,Salsa
79,Diapers
79,Wipes
79,Pasta
79,Pasta Sauce
80,Yogurt
81,Bread
81,Butter
81,Milk
81,Pasta
82,Pasta
82,Pasta Sauce
82,Bananas
83,Milk
83,Cheese
83,Diapers
83,Wipes
83,Coffee
83,Sugar
83,Bananas
83,Cereal
84,Butter
84,Cheese
84,Beer
84,Chips
85,Cheese
85,Beer
85,Chips
85,Pasta
85,Pasta Sauce
85,Apples
86,Butter
86,Cheese
86,Beer
87,Milk
87,Cheese
87,Coffee
87,Sugar
88,Bread
88,Butter
88,Cheese
88,Pasta
88,Pasta Sauce
88,Bananas
89,Coffee
90,Cheese
90,Pasta
90,Yogurt
91,Bread
91,Butter
91,Beer
91,Chips
92,Bread
92,Milk
92,Cheese
92,Chips
92,Salsa
92,Pasta
92,Coffee
92,Sugar
92,Apples
93,Bread
93,Wipes
93,Sugar
93,Bananas
94,Salsa
94,Bananas
95,Apples
96,Milk
96,Pasta Sauce
96,Coffee
96,Bananas
96,Cereal
97,Wipes
97,Pasta
97,Pasta Sauce
98,Bread
98,Butter
98,Milk
98,Beer
98,Diapers
98,Wipes
99,Bread
99,Milk
99,Beer
99,Chips
99,Salsa
100,Bread
100,Milk
100,Coffee
100,Bananas
101,Beer
101,Diapers
101,Wipes
101,Pasta
101,Pasta Sauce
101,Coffee
102,Bread
102,Butter
102,Milk
102,Salsa
103,Bread
103,Milk
103,Salsa
103,Diapers
103,Pasta Sauce
103,Apples
104,Chips
104,Pasta
104,Yogurt
105,Bread
105,Beer
105,Chips
105,Pasta
105,Pasta Sauce
106,Bread
106,Butter
106,Milk
106,Eggs
106,Beer
106,Chips
106,Coffee
106,Cereal
107,Coffee
107,Bananas
107,Cereal
108,Bread
108,Butter
108,Chips
108,Pasta
108,Bananas
109,Butter
109,Cheese
109,Beer
109,Pasta
109,Pasta Sauce
109,Bananas
109,Yogurt
109,Cereal
110,Cheese
110,Beer
110,Chips
110,Salsa
110,Pasta
110,Pasta Sauce
111,Milk
111,Cheese
111,Coffee
111,Yogurt
111,Cereal
112,Bread
112,Butter
112,Milk
112,Beer
112,Chips
112,Salsa
112,Diapers
112,Pasta
112,Cereal
113,Diapers
113,Wipes
113,Coffee
113,Apples
113,Bananas
113,Cereal
114,Butter
114,Beer
114,Chips
114,Salsa
114,Wipes
114,Pasta
114,Pasta Sauce
114,Coffee
114,Sugar
114,Cereal
115,Bread
115,Butter
115,Milk
115,Coffee
115,Sugar
115,Bananas
116,Cheese
117,Bread
117,Milk
117,Cheese
117,Pasta
117,Pasta Sauce
117,Yogurt
117,Cereal
118,Bread
118,Butter
118,Eggs
118,Pasta
118,Pasta Sauce
118,Coffee
118,Sugar
119,Bread
119,Butter
119,Cheese
119,Salsa
119,Sugar
120,Milk
120,Pasta Sauce
120,Cereal
121,Bread
121,Butter
121,Milk
121,Coffee
121,Yogurt
122,Chips
122,Salsa
123,Beer
123,Chips
123,Coffee
124,Beer
125,Bread
125,Butter
125,Beer
125,Chips
125,Salsa
125,Pasta Sauce
125,Coffee
125,Sugar
125,Bananas
126,Bread
126,Butter
126,Apples
126,Yogurt
127,Beer
127,Salsa
127,Diapers
127,Wipes
128,Milk
128,Eggs
128,Pasta
128,Pasta Sauce
128,Cereal
129,Coffee
129,Sugar
130,Eggs
130,Beer
130,Chips
130,Wipes
130,Coffee
130,Bananas
130,Cereal
131,Chips
131,Salsa
132,Bread
132,Eggs
132,Cheese
132,Chips
132,Salsa
132,Pasta
132,Pasta Sauce
132,Sugar
132,Cereal
133,Bread
133,Butter
133,Milk
133,Beer
133,Chips
134,Beer
134,Chips
134,Diapers
134,Pasta Sauce
135,Pasta
135,Pasta Sauce
135,Coffee
136,Beer
136,Diapers
137,Milk
137,Cheese
137,Pasta
137,Pasta Sauce
137,Bananas
137,Cereal
138,Diapers
139,Bread
139,Butter
139,Milk
139,Beer
139,Chips
139,Salsa
140,Milk
140,Wipes
140,Pasta Sauce
140,Sugar
140,Cereal
141,Cheese
141,Beer
141,Diapers
141,Wipes
142,Bread
142,Bananas
143,Salsa
144,Beer
144,Chips
144,Salsa
144,Diapers
145,Milk
145,Cereal
146,Bread
146,Butter
146,Milk
146,Beer
146,Chips
146,Salsa
146,Wipes
146,Coffee
147,Eggs
148,Bread
148,Milk
148,Beer
149,Cheese
149,Beer
149,Chips
149,Wipes
149,Pasta
149,Sugar
149,Apples
150,Milk
150,Bananas
150,Yogurt
150,Cereal
151,Bread
151,Butter
151,Chips
151,Salsa
151,Apples
151,Cereal
152,Bread
152,Milk
152,Pasta
152,Pasta Sauce
152,Coffee
153,Eggs
153,Coffee
153,Sugar
153,Apples
154,Bread
154,Beer
154,Coffee
155,Eggs
155,Pasta
155,Pasta Sauce
155,Bananas
155,Yogurt
155,Cereal
156,Milk
156,Cheese
156,Beer
156,Diapers
156,Coffee
156,Sugar
157,Bread
157,Butter
157,Eggs
157,Diapers
157,Pasta
157,Pasta Sauce
158,Bread
158,Milk
158,Diapers
159,Bread
159,Butter
159,Milk
159,Coffee
159,Sugar
160,Bread
160,Butter
160,Milk
160,Coffee
161,Beer
161,Diapers
161,Cereal
162,Eggs
163,Bread
163,Butter
163,Milk
163,Eggs
163,Pasta Sauce
163,Apples
164,Bread
164,Butter
164,Cheese
164,Pasta
164,Pasta Sauce
164,Bananas
164,Cereal
165,Chips
165,Salsa
165,Sugar
166,Bread
166,Butter
166,Beer
167,Bread
167,Butter
168,Bread
168,Milk
168,Beer
168,Chips
168,Coffee
168,Cereal
169,Milk
169,Beer
169,Coffee
169,Sugar
170,Bread
170,Butter
170,Milk
170,Beer
170,Chips
170,Diapers
170,Sugar
171,Bread
171,Milk
171,Beer
171,Chips
171,Salsa
171,Diapers
171,Wipes
171,Sugar
171,Cereal
172,Milk
172,Coffee
173,Cheese
173,Salsa
173,Pasta
174,Milk
174,Beer
174,Pasta
174,Bananas
174,Cereal
175,Butter
175,Beer
175,Chips
175,Bananas
176,Beer
177,Bread
177,Salsa
177,Apples
178,Salsa
178,Wipes
179,Salsa
179,Coffee
180,Chips
180,Pasta
181,Beer
182,Bread
182,Pasta
182,Pasta Sauce
182,Cereal
183,Chips
183,Apples
183,Bananas
183,Cereal
184,Diapers
184,Wipes
184,Sugar
185,Cheese
185,Coffee
185,Bananas
186,Milk
186,Diapers
186,Bananas
186,Cereal
187,Cheese
187,Beer
187,Chips
187,Salsa
187,Cereal
188,Bread
188,Butter
188,Milk
188,Cheese
188,Wipes
189,Milk
189,Beer
189,Chips
189,Diapers
189,Pasta
189,Pasta Sauce
189,Coffee
189,Sugar
190,Milk
190,Beer
190,Chips
190,Wipes
190,Coffee
190,Sugar
190,Cereal
191,Butter
191,Cheese
191,Beer
192,Bread
192,Butter
192,Eggs
192,Diapers
192,Coffee
192,Sugar
193,Diapers
193,Pasta
193,Pasta Sauce
194,Apples
195,Bread
195,Butter
195,Milk
195,Beer
195,Chips
195,Salsa
195,Coffee
195,Yogurt
196,Butter
196,Milk
196,Diapers
196,Coffee
196,Sugar
196,Cereal
197,Cheese
197,Beer
197,Chips
197,Salsa
197,Diapers
197,Coffee
197,Sugar
198,Bread
199,Bread
199,Butter
199,Yogurt
200,Butter
201,Salsa
201,Pasta
201,Pasta Sauce
201,Apples
202,Beer
202,Salsa
202,Pasta
202,Bananas
202,Cereal
203,Bread
203,Cheese
203,Beer
203,Bananas
204,Bread
204,Butter
204,Pasta
204,Pasta Sauce
205,Bread
205,Butter
205,Eggs
205,Cheese
205,Beer
205,Chips
205,Pasta
205,Pasta Sauce
205,Sugar
206,Milk
206,Beer
206,Chips
206,Salsa
206,Cereal
207,Bread
207,Butter
207,Milk
207,Beer
207,Pasta
207,Yogurt
208,Milk
208,Beer
208,Chips
208,Cereal
209,Milk
209,Cheese
209,Chips
209,Pasta
209,Pasta Sauce
209,Coffee
209,Bananas
209,Yogurt
209,Cereal
210,Bread
210,Butter
210,Cheese
210,Yogurt
211,Bread
211,Butter
211,Coffee
212,Butter
212,Pasta Sauce
212,Apples
212,Cereal
213,Eggs
213,Cheese
213,Beer
213,Coffee
214,Bread
214,Milk
214,Coffee
214,Bananas
214,Yogurt
214,Cereal
215,Beer
215,Chips
215,Yogurt
215,Cereal
216,Cheese
217,Bread
217,Butter
217,Milk
217,Beer
217,Diapers
218,Bread
218,Beer
218,Pasta
218,Cereal
219,Bread
219,Butter
219,Beer
219,Diapers
219,Wipes
219,Pasta
219,Pasta Sauce
219,Coffee
219,Sugar
220,Bread
220,Beer
220,Chips
220,Salsa
221,Bread
221,Butter
221,Milk
221,Beer
221,Diapers
222,Bread
222,Butter
222,Milk
222,Salsa
222,Diapers
222,Pasta
222,Cereal
223,Wipes
223,Coffee
224,Bread
224,Butter
224,Milk
224,Beer
224,Chips
225,Bread
225,Milk
225,Bananas
225,Cereal
226,Milk
226,Beer
226,Chips
226,Diapers
226,Cereal
227,Bread
227,Milk
227,Eggs
227,Diapers
227,Pasta
227,Bananas
227,Cereal
228,Bread
228,Butter
228,Milk
228,Beer
228,Chips
228,Salsa
228,Diapers
228,Wipes
228,Apples
229,Bread
229,Butter
229,Cheese
229,Pasta
229,Pasta Sauce
229,Yogurt
230,Bread
230,Butter
230,Milk
230,Beer
230,Chips
230,Salsa
230,Bananas
230,Cereal
231,Sugar
232,Bread
232,Butter
232,Eggs
232,Beer
232,Diapers
232,Wipes
233,Bread
233,Milk
233,Cheese
233,Beer
233,Chips
233,Salsa
233,Wipes
233,Pasta
233,Pasta Sauce
233,Bananas
233,Cereal
234,Milk
234,Cheese
234,Beer
234,Chips
234,Pasta
234,Pasta Sauce
235,Beer
235,Chips
235,Pasta Sauce
235,Bananas
236,Bread
236,Sugar
237,Bread
237,Butter
237,Cheese
237,Bananas
237,Yogurt
238,Butter
238,Cheese
238,Beer
238,Chips
238,Salsa
238,Pasta
239,Bread
239,Milk
239,Coffee
239,Sugar
240,Bananas
241,Bread
241,Beer
241,Chips
241,Wipes
241,Pasta Sauce
241,Apples
242,Bread
242,Butter
242,Beer
242,Chips
242,Salsa
242,Diapers
242,Wipes
243,Butter
243,Apples
243,Yogurt
244,Bread
244,Butter
244,Diapers
244,Wipes
244,Pasta
244,Pasta Sauce
245,Beer
246,Milk
246,Cereal
247,Bread
247,Butter
247,Bananas
248,Beer
248,Salsa
249,Beer
249,Chips
250,Beer
250,Chips
250,Salsa
251,Bread
251,Butter
251,Milk
251,Salsa
252,Beer
252,Chips
252,Coffee
252,Sugar
252,Apples
252,Cereal
253,Bread
253,Butter
253,Pasta
253,Pasta Sauce
254,Bread
254,Butter
254,Milk
254,Sugar
255,Butter
255,Pasta Sauce
255,Bananas
255,Cereal
256,Milk
256,Chips
256,Wipes
256,Pasta
256,Coffee
256,Sugar
256,Bananas
256,Cereal
257,Bread
257,Cheese
257,Salsa
257,Cereal
258,Milk
258,Beer
258,Chips
258,Salsa
258,Diapers
258,Wipes
258,Coffee
258,Sugar
259,Butter
259,Bananas
260,Bread
260,Beer
260,Chips
260,Diapers
260,Wipes
260,Pasta Sauce
261,Salsa
261,Wipes
262,Eggs
262,Beer
262,Chips
262,Salsa
262,Pasta
262,Pasta Sauce
262,Apples
263,Milk
263,Beer
263,Coffee
263,Cereal
264,Bread
264,Butter
264,Milk
264,Eggs
265,Beer
265,Chips
266,Bread
266,Eggs
266,Beer
266,Chips
266,Salsa
266,Pasta
266,Pasta Sauce
267,Bread
267,Butter
267,Salsa
267,Coffee
267,Yogurt
268,Bread
268,Beer
268,Chips
268,Salsa
268,Diapers
268,Coffee
268,Bananas
268,Yogurt
269,Bread
269,Beer
269,Chips
269,Salsa
269,Diapers
269,Wipes
269,Pasta
269,Cereal
270,Bread
271,Coffee
272,Butter
272,Milk
272,Eggs
272,Coffee
272,Sugar
272,Apples
273,Cheese
273,Pasta
273,Coffee
274,Milk
274,Pasta
274,Pasta Sauce
274,Coffee
274,Sugar
274,Cereal
275,Beer
276,Diapers
277,Milk
277,Diapers
277,Wipes
277,Pasta
277,Pasta Sauce
277,Yogurt
278,Cheese
278,Beer
278,Chips
278,Salsa
278,Diapers
278,Pasta
278,Pasta Sauce
278,Yogurt
279,Bread
279,Butter
279,Pasta Sauce
280,Bread
280,Salsa
281,Milk
281,Apples
281,Cereal
282,Bread
282,Milk
282,Cheese
282,Pasta
282,Bananas
282,Cereal
283,Coffee
283,Cereal
284,Milk
284,Salsa
284,Cereal
285,Cheese
286,Bread
286,Butter
286,Milk
286,Eggs
286,Cheese
286,Pasta
286,Pasta Sauce
286,Yogurt
287,Butter
287,Diapers
287,Coffee
287,Cereal
288,Beer
288,Sugar
289,Bread
289,Milk
289,Beer
289,Pasta
289,Pasta Sauce
289,Coffee
289,Apples
289,Yogurt
289,Cereal
290,Bread
290,Butter
290,Beer
291,Bread
291,Coffee
292,Bananas
293,Bread
293,Butter
293,Milk
293,Beer
293,Chips
293,Salsa
293,Wipes
293,Coffee
294,Cheese
295,Coffee
295,Sugar
296,Beer
296,Chips
296,Salsa
296,Wipes
297,Bread
297,Butter
297,Milk
297,Cheese
297,Bananas
297,Cereal
298,Bread
298,Butter
298,Milk
298,Coffee
298,Yogurt
298,Cereal
299,Milk
299,Diapers
299,Bananas
299,Cereal
300,Chips
300,Salsa
300,Pasta
300,Pasta Sauce
301,Beer
301,Chips
301,Salsa
301,Coffee
301,Sugar
302,Eggs
302,Coffee
303,Beer
303,Salsa
303,Diapers
303,Wipes
304,Beer
304,Chips
304,Diapers
304,Wipes
304,Coffee
305,Coffee
306,Beer
306,Diapers
307,Bread
307,Diapers
307,Wipes
307,Pasta
308,Milk
308,Wipes
308,Coffee
308,Sugar
309,Butter
309,Pasta
309,Pasta Sauce
309,Sugar
310,Eggs
310,Cheese
311,Bread
311,Beer
311,Diapers
311,Wipes
311,Pasta
311,Pasta Sauce
311,Coffee
311,Yogurt
312,Butter
312,Eggs
312,Pasta
312,Yogurt
313,Bread
313,Butter
313,Milk
313,Diapers
313,Wipes
313,Pasta
313,Yogurt
313,Cereal
314,Bread
314,Butter
314,Beer
314,Chips
314,Salsa
314,Coffee
315,Bread
315,Butter
315,Beer
315,Chips
316,Cheese
316,Pasta
316,Apples
317,Bread
317,Butter
317,Milk
317,Cereal
318,Milk
318,Beer
318,Coffee
318,Sugar
318,Bananas
318,Cereal
319,Bread
319,Butter
319,Milk
319,Eggs
319,Cereal
320,Beer
320,Diapers
320,Wipes
320,Bananas
321,Bread
321,Sugar
322,Bread
322,Butter
322,Pasta Sauce
323,Cheese
323,Salsa
323,Pasta Sauce
323,Cereal
324,Chips
324,Diapers
324,Sugar
325,Bread
325,Butter
325,Milk
325,Cheese
325,Diapers
325,Wipes
325,Pasta
325,Pasta Sauce
325,Bananas
325,Cereal
326,Bread
326,Butter
326,Milk
326,Beer
326,Diapers
326,Wipes
326,Coffee
326,Sugar
326,Yogurt
327,Bread
327,Butter
327,Cheese
327,Beer
327,Diapers
327,Wipes
327,Pasta
327,Pasta Sauce
328,Milk
328,Beer
328,Chips
328,Salsa
329,Beer
329,Pasta
329,Sugar
329,Bananas
330,Beer
330,Diapers
330,Wipes
330,Pasta
330,Coffee
330,Sugar
331,Milk
331,Cheese
331,Beer
331,Diapers
331,Pasta
331,Pasta Sauce
331,Cereal
332,Cheese
333,Bread
333,Butter
333,Eggs
333,Coffee
333,Sugar
333,Apples
333,Bananas
334,Cheese
335,Chips
335,Salsa
335,Pasta
335,Pasta Sauce
336,Bread
336,Butter
336,Beer
336,Chips
336,Salsa
336,Pasta
336,Pasta Sauce
337,Bread
337,Milk
337,Beer
337,Chips
337,Diapers
337,Wipes
338,Bread
338,Butter
338,Milk
338,Cheese
338,Beer
338,Chips
338,Pasta
338,Pasta Sauce
338,Coffee
338,Sugar
339,Eggs
339,Diapers
339,Wipes
339,Coffee
339,Bananas
340,Pasta Sauce
341,Bread
341,Butter
341,Beer
341,Apples
341,Yogurt
342,Beer
342,Diapers
343,Bread
343,Butter
343,Milk
343,Eggs
343,Beer
343,Chips
343,Salsa
343,Diapers
343,Wipes
344,Bread
344,Apples
345,Chips
345,Salsa
346,Bread
346,Butter
346,Beer
346,Wipes
346,Pasta
346,Pasta Sauce
347,Cheese
347,Salsa
347,Diapers
347,Sugar
348,Bread
348,Butter
348,Milk
348,Beer
348,Chips
348,Salsa
348,Coffee
349,Salsa
349,Yogurt
350,Bread
350,Beer
350,Chips
350,Apples
350,Yogurt
351,Butter
351,Milk
351,Beer
351,Sugar
351,Cereal
352,Cheese
352,Pasta
352,Pasta Sauce
353,Milk
353,Pasta Sauce
353,Coffee
353,Bananas
354,Diapers
354,Wipes
354,Coffee
355,Bread
355,Milk
355,Cheese
355,Beer
355,Chips
355,Cereal
356,Butter
356,Beer
356,Chips
356,Diapers
356,Wipes
356,Coffee
356,Sugar
356,Bananas
357,Bread
357,Butter
357,Pasta Sauce
358,Beer
358,Diapers
358,Wipes
358,Yogurt
359,Salsa
360,Beer
360,Chips
360,Salsa
360,Diapers
360,Pasta Sauce
361,Chips
362,Cereal
363,Wipes
363,Pasta Sauce
363,Cereal
364,Bread
364,Butter
364,Eggs
364,Beer
364,Chips
364,Salsa
364,Pasta
365,Cheese
365,Beer
365,Chips
365,Coffee
365,Yogurt
366,Bread
366,Butter
366,Milk
366,Wipes
366,Coffee
367,Milk
367,Cheese
367,Chips
367,Salsa
367,Pasta
367,Pasta Sauce
367,Coffee
367,Bananas
367,Cereal
368,Bread
368,Cheese
368,Chips
368,Pasta
368,Pasta Sauce
369,Bread
369,Butter
370,Chips
370,Pasta
370,Pasta Sauce
370,Apples
371,Eggs
371,Beer
371,Diapers
372,Bread
372,Beer
372,Chips
372,Salsa
373,Beer
373,Chips
374,Cheese
374,Pasta
374,Pasta Sauce
374,Sugar
375,Yogurt
376,Beer
376,Chips
376,Salsa
376,Cereal
377,Bread
377,Butter
377,Eggs
377,Coffee
378,Chips
378,Salsa
378,Sugar
378,Cereal
379,Bread
379,Sugar
379,Cereal
380,Bread
380,Butter
380,Milk
380,Sugar
381,Bread
381,Butter
381,Diapers
381,Pasta Sauce
381,Coffee
382,Pasta
382,Coffee
383,Butter
383,Milk
383,Beer
383,Chips
383,Pasta
383,Pasta Sauce
383,Apples
383,Cereal
384,Bread
384,Butter
384,Beer
384,Diapers
384,Wipes
384,Yogurt
385,Bread
385,Cheese
385,Pasta Sauce
386,Beer
386,Chips
386,Salsa
386,Pasta
386,Coffee
386,Sugar
387,Beer
387,Chips
387,Sugar
388,Butter
388,Pasta
388,Pasta Sauce
388,Cereal
389,Apples
390,Beer
390,Bananas
390,Yogurt
391,Bread
391,Butter
391,Milk
391,Pasta
391,Pasta Sauce
392,Bread
392,Milk
392,Salsa
392,Cereal
393,Butter
394,Milk
394,Salsa
394,Pasta Sauce
394,Yogurt
395,Bread
395,Milk
395,Bananas
395,Yogurt
395,Cereal
396,Bread
396,Butter
396,Cheese
396,Beer
396,Pasta
397,Milk
397,Bananas
397,Cereal
398,Diapers
398,Pasta
398,Pasta Sauce
398,Coffee
399,Cheese
399,Diapers
400,Eggs
400,Beer
400,Coffee
400,Sugar
