CustomerID,Age,Gender,Region,Plan,Tenure,Income,Churn
1001,29,M,South,Basic,36,,No
1002,45,F,South,Basic,37,73800,No
1003,44,F,South,Standard,50,73300,No
1004,66,M,West,Basic,38,94100,Yes
1005,46,F,South,Premium,46,93200,No
1006,42,F,west,Standard,72,68300,No
1007,21,F,North,Standard,46,53900,No
1008,55,M,North,Premium,7,96300,Yes
1009,42,M,South,Basic,15,52700,Yes
1010,18,M,East,Basic,20,56900,No
1011,35,M,North,Standard,20,50800,Yes
1012,31,M,West,Standard,10,47900,No
1013,31,M,West,Standard,6,67100,Yes
1014,70,M,West,Standard,69,78500,No
1015,44,F,East,Standard,45,72000,No
1016,85,F,North,Standard,61,115500,No
1017,20,F,South ,Standard,49,86700,No
1018,55,F,North,Basic,65,100300,No
1019,37,F,East,Basic,59,,No
1020,24,F,South,Basic,12,31000,Yes
1021,39,M,North,Basic,4,64900,Yes
1022,53,F,South ,Basic,31,83100,No
1023,45,M,North,Standard,68,107000,No
1024,24,M,West,Standard,62,66800,No
1025,39,F,South,Standard,39,79300,No
1026,63,M,North,Premium,71,96100,No
1027,47,M,South,Standard,53,52600,No
1028,46,M,North,Basic,8,72600,Yes
1029,18,M,South,Basic,14,43900,No
1030,43,F,west,Basic,55,56600,No
1031,50,F,North,Basic,48,53400,No
1032,51,F,east,Premium,5,101000,No
1033,40,M,South,Premium,31,,No
1034,61,M,North,Basic,63,98700,No
1035,49,M,North,Basic,46,68200,No
1036,35,M,West,Premium,43,59700,No
1037,45,M,East,Basic,49,61000,No
1038,34,F,South,Premium,47,89800,Yes
1039,41,F,North,Standard,9,62800,Yes
1040,26,F,North,Basic,65,,No
1041,28,F,South,Basic,35,42700,Yes
1042,54,F,North,Basic,39,105700,No
1043,42,M,South,Premium,34,72700,Yes
1044,34,M,South,Premium,4,56500,Yes
1045,31,F,North,Basic,69,81600,No
1046,54,M,East,Standard,57,47600,No
1047,37,M,East,Premium,14,78600,Yes
1048,53,F,South,Basic,11,88900,Yes
1049,34,F,East ,Basic,17,68500,No
1050,36,F,West,Premium,58,98700,No
1051,39,M,North,Basic,39,,No
1052,47,F,West,Premium,8,88300,No
1053,59,F,NORTH,Standard,37,113400,Yes
1054,33,M,South,Premium,56,75000,No
1055,43,F,West,Basic,60,98600,No
1056,57,M,West,Premium,55,128600,No
1057,56,M,South,Basic,48,86100,No
1058,59,M,SOUTH,Basic,3,83500,Yes
1059,39,F,East,Standard,6,51500,No
1060,24,M,West,Premium,47,93500,No
1061,18,F,South,Basic,24,61200,Yes
1062,72,F,South,Basic,5,98600,No
1063,45,M,South ,Basic,27,,No
1064,29,M,East,Standard,70,94200,No
1065,42,F,North,Standard,23,76600,No
1066,42,M,South,Premium,38,75400,Yes
1067,53,M,North,Basic,68,67500,No
1068,58,M,North,Basic,54,88600,No
1069,27,M,South,Premium,53,66100,No
1070,50,F,East,Premium,25,78100,No
1071,44,F,West,Basic,63,78900,Yes
1072,52,F,South,Basic,16,74800,Yes
1073,41,M,South,Basic,13,44300,Yes
1074,51,F,South,Premium,28,104800,No
1075,60,F,east,Premium,5,105700,Yes
1076,41,F,North,Basic,42,68700,No
1077,53,F,West,Standard,24,94000,No
1078,41,M,North,Premium,57,74800,Yes
1079,24,M,West,Standard,49,41000,No
1080,37,F,SOUTH,Premium,38,82900,Yes
1081,29,F,North,Basic,50,77300,No
1082,52,M,South ,Basic,3,78900,Yes
1083,39,F,North,Standard,44,65700,No
1084,21,M,North,Premium,31,84200,No
1085,27,F,South,Basic,28,54000,No
1086,33,M,North,Basic,23,69900,No
1087,31,F,south,Standard,68,60800,No
1088,51,F,South,Standard,1,68400,Yes
1089,39,F,West,Standard,6,95600,Yes
1090,61,F,East,Standard,28,85800,No
1091,,M,East,Standard,44,86200,No
1092,52,F,North,Basic,49,72300,No
1093,24,M,North,Basic,28,36600,Yes
1094,43,M,South,Basic,6,84200,Yes
1095,33,F,East,Basic,71,31000,Yes
1096,62,F,North,Premium,22,95600,No
1097,61,F,North,Standard,45,62400,Yes
1098,61,F,South,Standard,3,99700,No
1099,72,M,South,Premium,50,119600,Yes
1100,30,M,East,Basic,25,51900,No
1101,53,F,South,Premium,12,86900,Yes
1102,39,M,North,Premium,3,107500,No
1103,85,M,South,Basic,45,111900,No
1104,37,M,North,Standard,61,49800,Yes
1105,55,F,South,Premium,43,94000,No
1106,42,F,SOUTH,Basic,55,66600,No
1107,26,M,South,Basic,4,39900,Yes
1108,48,M,east,Premium,48,77200,No
1109,26,M,West,Basic,48,21600,No
1110,58,M,East,Standard,21,85700,No
1111,52,F,East,Basic,19,83800,No
1112,65,F,North ,Standard,42,101200,No
1113,48,F,East,Premium,36,84700,No
1114,41,F,South,Basic,60,77400,No
1115,22,M,East,Standard,47,54500,No
1116,50,F,South,Premium,27,102000,No
1117,40,F,North,Premium,9,92500,No
1118,37,F,West,Standard,51,72300,No
1119,,F,WEST,Standard,38,42600,Yes
1120,39,F,east,Basic,41,40100,Yes
1121,35,F,North,Basic,55,66400,No
1122,35,F,South,Standard,37,46000,No
1123,18,M,East,Standard,10,34400,Yes
1124,47,F,South,Basic,19,67700,No
1125,74,F,West,Basic,46,79700,No
1126,38,M,South,Standard,17,76100,No
1127,35,M,South,Basic,20,49000,No
1128,52,M,West,Premium,57,100400,No
1129,44,F,South,Standard,3,49100,No
1130,41,M,West,Basic,3,67200,Yes
1131,39,M,West,Premium,67,54900,No
1132,65,M,North,Basic,57,106100,No
1133,41,M,South,Premium,24,103000,No
1134,69,F,West ,Premium,11,81600,Yes
1135,46,M,West,Basic,43,102500,No
1136,39,M,West,Basic,53,48200,No
1137,24,M,West,Basic,32,35800,No
1138,37,F,South,Basic,38,62900,No
1139,59,F,East,Standard,50,90800,No
1140,18,F,South,Premium,64,50600,No
1141,43,F,North,Premium,43,67900,No
1142,70,M,West,Standard,56,81300,No
1143,38,F,South,Standard,37,70900,No
1144,46,F,North,Standard,40,71100,No
1145,51,M,South,Premium,52,91300,No
1146,18,F,South,Basic,19,41500,No
1147,49,M,East,Basic,58,81500,No
1148,46,M,North,Standard,47,72000,No
1149,54,M,East,Standard,28,76700,Yes
1150,30,M,North ,Basic,40,34600,Yes
1151,40,F,West,Standard,14,70700,No
1152,51,F,South,Basic,31,57600,No
1153,62,F,South,Premium,13,89200,No
1154,43,F,WEST,Basic,12,65400,No
1155,22,F,East,Standard,11,37400,No
1156,43,M,East,Premium,26,76300,No
1157,42,F,West,Standard,23,,No
1158,28,F,North,Basic,31,41600,Yes
1159,62,F,West,Standard,40,92100,No
1160,38,M,West,Basic,51,53500,No
1161,28,M,East ,Standard,21,,Yes
1162,35,M,North ,Basic,12,44000,No
1163,18,M,North,Standard,10,26700,No
1164,18,F,North,Standard,26,12200,Yes
1165,36,F,North ,Basic,48,57300,No
1166,61,M,North,Basic,43,73100,No
1167,29,F,East,Standard,3,58100,No
1168,32,F,West,Standard,53,48000,No
1169,44,M,North,Standard,6,88000,No
1170,49,F,South ,Basic,45,63200,No
1171,37,M,North,Basic,40,72800,Yes
1172,37,M,South,Basic,44,70700,No
1173,,F,south,Standard,21,71600,No
1174,38,M,East,Premium,45,93100,No
1175,35,F,south,Basic,21,58800,No
1176,53,M,South,Premium,7,111500,Yes
1177,41,M,North,Basic,53,61400,Yes
1178,54,F,West,Basic,48,57900,No
1179,41,M,north,Basic,41,73600,No
1180,25,M,North,Standard,39,46500,No
1181,,F,East,Premium,51,93300,No
1182,21,F,East,Standard,60,72000,No
1183,34,M,East,Premium,33,90000,Yes
1184,50,F,North,Standard,48,78800,No
1185,72,F,South ,Standard,37,94600,No
1186,50,M,South,Standard,21,,No
1187,48,F,South,Standard,20,70600,Yes
1188,44,F,North,Premium,25,,Yes
1189,,M,South,Premium,42,122200,No
1190,48,M,East,Standard,52,88600,No
1191,61,F,East,Basic,18,83500,No
1192,55,F,West,Basic,40,87900,Yes
1193,56,F,North,Basic,62,88900,No
1194,28,M,South,Standard,69,38600,No
1195,55,F,south,Basic,13,92500,No
1196,60,M,East,Standard,53,78200,No
1197,58,F,west,Standard,48,85000,No
1198,60,F,north,Standard,49,103000,No
1199,57,F,East,Standard,20,100300,Yes
1200,39,F,East,Basic,62,66100,No
1201,58,F,South,Standard,48,67500,Yes
1202,42,F,West,Basic,4,48700,Yes
1203,24,F,East,Standard,1,64300,Yes
1204,26,M,West,Standard,29,57700,No
1205,23,M,West,Standard,6,57800,No
1206,30,F,North,Basic,43,51100,Yes
1207,35,M,South,Standard,67,58900,No
1208,42,M,east,Basic,67,69400,No
1209,33,M,east,Basic,10,59300,No
1210,33,M,South,Standard,28,49400,Yes
1211,51,M,north,Basic,40,59200,No
1212,,M,West,Basic,38,78100,No
1213,50,M,South,Basic,10,71600,Yes
1214,22,F,North,Basic,3,66500,No
1215,43,F,North,Basic,24,45700,Yes
1216,24,M,South,Standard,33,,Yes
1217,75,F,East,Premium,67,103200,No
1218,70,M,West,Basic,46,102800,No
1219,37,M,West,Premium,53,,No
1220,46,M,North,Basic,59,83800,No
1221,41,F,North,Premium,24,87700,Yes
1222,48,M,North,Standard,60,65700,No
1223,28,M,North,Standard,13,47300,Yes
1224,39,M,East,Standard,7,68700,Yes
1225,37,M,South,Basic,31,52200,No
1226,62,F,East,Basic,44,,Yes
1227,40,F,East,Basic,15,46800,Yes
1228,38,M,South,Basic,59,90400,No
1229,36,F,west,Basic,39,48000,No
1230,39,M,South,Premium,8,110900,Yes
1231,61,M,South,Basic,48,82000,No
1232,61,F,east,Standard,29,71700,No
1233,62,M,South,Standard,12,54100,Yes
1234,43,M,SOUTH,Basic,41,93100,No
1235,36,F,South,Standard,49,73300,No
1236,56,F,east,Basic,27,105900,No
1237,43,F,North,Premium,19,85500,No
1238,41,M,South,Premium,35,84500,No
1239,33,F,East,Basic,13,57800,No
1240,30,F,East,Standard,63,42700,No
1241,34,M,North,Standard,42,58400,Yes
1242,53,F,West,Basic,35,40400,Yes
1243,48,F,south,Standard,21,,No
1244,21,F,South,Basic,68,33300,No
1245,57,M,South,Standard,47,101000,No
1246,18,M,EAST,Premium,33,74000,Yes
1247,,M,North,Premium,41,67900,No
1248,19,F,West,Premium,48,42200,No
1249,46,M,East,Basic,21,51800,No
1250,68,M,North,Basic,71,89400,No
1251,72,F,west,Standard,48,45100,Yes
1252,44,M,South,Basic,30,72500,No
1253,41,M,South,Basic,14,53200,Yes
1254,41,F,South,Basic,68,56100,No
1255,54,M,South,Basic,32,96800,Yes
1256,57,F,east,Basic,24,98400,No
1257,60,M,West,Basic,16,104500,No
1258,32,F,West,Basic,48,56400,No
1259,35,F,north,Basic,26,62500,No
1260,65,M,East,Basic,37,85800,No
1261,57,F,South,Basic,30,80300,No
1262,49,M,North,Premium,35,69300,No
1263,50,F,West,Standard,44,84600,No
1264,51,M,North,Standard,19,53700,Yes
1265,,F,North,Standard,33,53400,No
1266,29,F,North,Basic,35,47700,No
1267,27,M,South,Basic,22,63300,Yes
1268,56,M,South,Basic,62,72500,Yes
1269,24,M,South,Standard,22,,No
1270,31,M,North,Standard,19,66400,No
1271,41,F,South,Standard,59,,No
1272,54,M,West,Premium,4,80300,No
1273,21,F,North,Premium,56,59200,No
1274,41,M,South,Basic,24,,No
1275,39,F,north,Standard,42,58600,No
1276,58,M,South,Standard,51,92400,No
1277,35,M,North,Basic,48,28200,No
1278,24,F,West,Premium,28,69900,No
1279,39,F,South,Standard,55,51800,No
1280,34,F,South,Standard,41,57500,No
1281,26,F,South,Premium,29,74300,No
1282,59,M,East,Standard,39,88900,No
1283,50,F,West,Basic,25,102200,No
1284,36,F,West ,Standard,42,52300,Yes
1285,32,M,West,Basic,31,37200,Yes
1286,35,M,East,Basic,29,81200,No
1287,38,M,East,Standard,22,71800,No
1288,37,M,East,Standard,68,48700,No
1289,73,M,East,Premium,20,119300,No
1290,55,F,North,Basic,33,,Yes
1291,,M,North,Standard,23,42300,Yes
1292,64,F,North,Basic,60,74900,No
1293,31,F,West,Premium,36,67500,Yes
1294,,F,NORTH,Basic,43,61800,No
1295,38,F,South,Basic,65,56500,No
1296,26,M,South,Basic,43,50600,No
1297,37,F,North,Basic,47,57900,Yes
1298,45,M,West,Basic,48,60000,No
1299,64,M,South,Basic,10,71000,Yes
1300,43,M,South,Standard,61,87800,No
1301,39,M,South,Standard,7,58700,No
1302,39,M,South,Standard,62,102200,No
1303,18,M,South ,Standard,26,47800,No
1304,44,F,East,Standard,10,65800,No
1305,54,F,South,Basic,46,72500,No
1306,25,F,North,Basic,10,41300,No
1307,43,F,South,Standard,44,82900,No
1308,51,M,West,Premium,72,72600,No
1309,63,M,West,Standard,15,100400,No
1310,55,F,South,Basic,35,62100,No
1311,47,M,South,Basic,39,68600,Yes
1312,18,F,West,Standard,14,7600,Yes
1313,22,F,EAST,Standard,67,51100,No
1314,40,F,South ,Basic,16,84100,No
1315,53,M,North,Basic,47,109600,No
1316,41,M,East,Standard,41,65000,Yes
1317,44,M,South,Premium,63,62700,Yes
1318,37,M,East,Standard,63,59300,No
1319,32,F,North,Basic,70,43100,No
1320,44,M,North ,Basic,35,99500,No
1321,58,F,South,Premium,43,109300,No
1322,50,M,West,Standard,51,71600,No
1323,49,M,east,Basic,12,69100,No
1324,31,F,West,Standard,20,57800,No
1325,44,F,North,Basic,18,84300,No
1326,41,M,East,Standard,53,88800,No
1327,47,F,West,Basic,15,62300,No
1328,35,M,North,Basic,45,52200,No
1329,50,F,South ,Standard,49,82800,No
1330,30,F,West,Basic,10,45600,Yes
1331,43,F,North,Standard,6,48400,Yes
1332,52,F,South,Premium,21,70900,No
1333,18,M,East,Standard,44,43400,Yes
1334,19,F,North,Basic,32,57300,No
1335,,F,South,Standard,48,77700,No
1336,54,F,East,Standard,62,59400,No
1337,47,M,North,Basic,17,67300,No
1338,52,F,East,Premium,11,88100,No
1339,35,F,West,Basic,4,68700,No
1340,34,F,NORTH,Standard,47,59200,No
1341,65,F,North,Premium,1,99100,No
1342,50,F,East,Standard,16,67800,No
1343,32,F,North,Standard,7,,Yes
1344,55,M,North,Premium,52,103300,Yes
1345,39,M,North,Basic,49,95700,No
1346,42,M,North,Standard,43,83100,No
1347,42,F,South,Premium,41,71100,No
1348,47,M,West,Basic,42,79600,No
1349,45,F,South,Basic,38,73800,No
1350,55,F,North,Standard,4,87600,Yes
1351,46,F,North,Basic,21,74700,Yes
1352,55,M,North,Basic,37,68800,Yes
1353,47,F,South,Premium,66,,No
1354,55,M,North,Basic,54,72800,Yes
1355,27,M,South,Premium,45,74200,Yes
1356,,M,South,Premium,69,73100,No
1357,33,M,North,Basic,65,,No
1358,41,F,South,Standard,60,56000,No
1359,43,F,West,Premium,6,77700,No
1360,43,M,South,Standard,42,75900,No
1361,34,F,East,Standard,2,66400,Yes
1362,41,F,East,Standard,61,80500,No
1363,20,M,West,Basic,56,,No
1364,57,F,East,Premium,17,72700,No
1365,22,M,West,Basic,34,49400,No
1366,53,F,South,Basic,6,70700,No
1367,41,F,North,Standard,37,80500,No
1368,52,M,north,Standard,60,,No
1369,62,M,East ,Basic,17,96200,No
1370,56,M,West,Premium,25,99700,Yes
1371,34,F,South ,Standard,56,46900,No
1372,63,F,North,Basic,9,97700,Yes
1373,35,M,East,Premium,45,,No
1374,48,M,North,Premium,60,83700,No
1375,41,F,North,Basic,12,75100,Yes
1376,51,F,West,Basic,5,66600,Yes
1377,63,M,west,Basic,55,85200,No
1378,38,M,North,Standard,18,67300,No
1379,25,M,East,Premium,28,72900,No
1380,60,F,South,Standard,47,91300,No
1381,47,M,North,Basic,33,74600,Yes
1382,52,F,North,Premium,16,67300,Yes
1383,48,M,North,Standard,30,71100,Yes
1384,33,M,North,Standard,70,53800,No
1385,51,F,North,Basic,31,87300,No
1386,58,M,East,Standard,40,97300,No
1387,38,F,East,Standard,7,,No
1388,56,M,WEST,Basic,14,59300,Yes
1389,50,M,South,Standard,44,58400,No
1390,48,F,South,Basic,48,71600,Yes
1391,31,M,South,Standard,12,78600,No
1392,26,F,North,Basic,40,60200,Yes
1393,54,F,East,Standard,16,67000,Yes
1394,64,F,South,Basic,18,102800,Yes
1395,35,M,North,Premium,69,74100,Yes
1396,19,F,East,Premium,22,41600,No
1397,39,M,East,Premium,60,,No
1398,40,F,East,Basic,28,54800,Yes
1399,30,M,West,Basic,65,37600,No
1400,35,F,North,Standard,10,54600,No
1401,61,M,North,Premium,49,96300,Yes
1402,39,M,south,Standard,17,53100,Yes
1403,27,F,West,Basic,1,43100,No
1404,18,F,North,Standard,37,40100,No
1405,55,F,North,Standard,29,87600,No
1406,33,M,North,Standard,6,59100,Yes
1407,47,F,East,Standard,36,65300,No
1408,32,F,East,Standard,62,51000,No
1409,33,F,West,Basic,35,59000,Yes
1410,45,F,south,Premium,57,66200,No
1411,61,F,South,Premium,8,103300,No
1412,62,M,South,Basic,53,68900,No
1413,37,M,West,Standard,22,47500,No
1414,53,M,South,Basic,14,87500,No
1415,48,F,South,Standard,71,51100,No
1416,31,F,North,Standard,5,48700,No
1417,28,M,North,Basic,48,47800,No
1418,,M,South,Basic,11,90800,Yes
1419,48,F,West,Standard,55,86100,No
1420,50,F,East,Basic,40,95600,No
1421,41,F,North,Standard,71,30500,Yes
1422,35,M,South,Standard,15,54900,No
1423,43,M,south,Basic,69,57100,No
1424,35,F,north,Premium,26,69200,No
1425,27,M,south,Basic,68,42800,No
1426,31,M,SOUTH,Standard,49,43100,No
1427,39,M,South,Standard,52,60800,No
1428,59,M,North,Basic,69,94500,No
1429,30,M,North,Standard,58,44000,No
1430,60,F,West,Standard,13,84800,Yes
1431,34,F,South,Standard,46,64200,No
1432,79,M,South,Standard,58,118100,No
1433,41,M,West,Standard,40,60300,No
1434,43,F,North,Basic,3,59800,Yes
1435,34,M,East,Standard,29,75800,Yes
1436,31,F,EAST,Standard,63,52800,No
1437,40,M,West,Standard,38,54800,No
1438,47,M,North,Basic,53,71800,No
1439,54,M,West,Basic,30,82500,No
1440,18,M,West,Standard,12,58900,Yes
1441,50,M,North,Premium,27,65400,No
1442,,M,South,Basic,31,87500,No
1443,,F,North,Basic,31,58200,No
1444,55,M,North,Standard,67,71400,No
1445,75,M,South,Basic,15,77000,No
1446,47,M,West,Standard,34,79400,No
1447,55,M,South,Basic,1,91100,Yes
1448,43,M,south,Premium,70,83200,No
1449,57,F,South,Basic,11,82700,No
1450,26,M,East,Standard,51,46100,No
1451,32,F,West,Standard,37,54200,No
1452,44,M,South,Basic,46,82300,No
1453,39,F,NORTH,Premium,30,52800,No
1454,23,F,North,Basic,66,32400,No
1455,19,F,North,Basic,16,37100,No
1456,32,M,North,Basic,20,46900,No
1457,57,M,West,Basic,67,70100,No
1458,50,F,East,Premium,1,82900,Yes
1459,33,F,North,Basic,49,51000,Yes
1460,34,F,North,Basic,7,60200,Yes
1461,41,M,North,Standard,23,37000,Yes
1462,40,F,West,Basic,57,52300,No
1463,42,F,West,Basic,64,53000,No
1464,21,M,West,Premium,38,71000,No
1465,18,F,North,Standard,36,46800,No
1466,47,F,South,Premium,20,73400,No
1467,40,M,North,Premium,15,60300,Yes
1468,65,F,North,Basic,58,,Yes
1469,35,F,East,Premium,38,87700,No
1470,52,M,South,Basic,33,81800,Yes
1471,57,F,WEST,Basic,62,75000,No
1472,41,M,North,Basic,33,,No
1473,58,F,North,Standard,24,116800,Yes
1474,18,F,SOUTH,Basic,26,28400,Yes
1475,32,M,East,Basic,52,36000,No
1476,31,M,east,Basic,63,58900,Yes
1477,41,M,East,Premium,58,91500,No
1478,38,M,West,Basic,21,60600,No
1479,45,M,North,Basic,3,64900,No
1480,23,F,South,Basic,3,41100,Yes
1481,39,F,West ,Basic,58,69700,No
1482,47,F,East ,Premium,16,91100,No
1483,35,M,south,Premium,58,69100,No
1484,52,M,South,Basic,9,50700,No
1485,23,M,North,Standard,49,51900,No
1486,55,M,West,Basic,6,84900,Yes
1487,47,F,west,Premium,21,76900,No
1488,41,F,South,Basic,40,78700,Yes
1489,60,M,South,Premium,15,102900,No
1490,46,M,North,Basic,71,74400,No
1491,41,M,North,Standard,26,54200,Yes
1492,27,F,South,Premium,46,64900,No
1493,50,F,East,Basic,32,63600,No
1494,52,M,South,Basic,4,60900,No
1495,29,M,West,Premium,71,76000,No
1496,35,F,East,Basic,15,43500,No
1497,48,M,South,Basic,18,77300,Yes
1498,49,M,West,Basic,40,51500,No
1499,34,M,West ,Basic,54,47900,No
1500,84,F,North,Standard,43,102600,No
1171,37,M,North,Basic,40,72800,Yes
1490,46,M,North,Basic,71,74400,No
1191,61,F,East,Basic,18,83500,No
1472,41,M,North,Basic,33,,No
1300,43,M,South,Standard,61,87800,No
1440,18,M,West,Standard,12,58900,Yes
1283,50,F,West,Basic,25,102200,No
1094,43,M,South,Basic,6,84200,Yes
1183,34,M,East,Premium,33,90000,Yes
1136,39,M,West,Basic,53,48200,No
1394,64,F,South,Basic,18,102800,Yes
1407,47,F,East,Standard,36,65300,No
