HouseID,Neighborhood,SqFt,Bedrooms,Bathrooms,AgeYears,Garage,Price
1,Rural,893,2,2,30,Yes,151400
2,Rural,2699,4,3,44,No,399500
3,Rural,2778,4,3,3,Yes,419000
4,Rural,859,2,1,53,Yes,178700
5,Suburb,1830,2,2,75,Yes,265700
6,Rural,3144,5,4,49,Yes,449800
7,Rural,3085,5,3,49,Yes,443500
8,Suburb,1334,2,2,55,Yes,219600
9,Rural,3394,5,4,63,No,479100
10,Downtown,2843,5,3,64,No,440500
11,Suburb,2784,5,4,7,Yes,458400
12,Downtown,1341,2,2,33,Yes,283200
13,Rural,1048,1,2,7,Yes,173500
14,Suburb,989,1,1,63,Yes,125200
15,Rural,1458,3,2,49,Yes,232800
16,Suburb,1406,2,1,6,Yes,302800
17,Suburb,1726,3,3,11,No,284400
18,Downtown,861,1,1,13,No,188100
19,Suburb,1626,3,3,43,Yes,270900
20,Suburb,1231,3,2,37,Yes,197200
21,Rural,1903,4,3,52,Yes,301200
22,Suburb,3218,6,4,60,Yes,490500
23,Suburb,2159,4,3,42,No,375300
24,Downtown,2605,3,2,68,No,371300
25,Downtown,3198,5,3,52,Yes,524500
26,Suburb,3329,5,3,48,Yes,477200
27,Suburb,962,1,1,49,Yes,181300
28,Downtown,3012,4,2,64,Yes,477200
29,Rural,1537,1,1,2,No,234700
30,Suburb,2354,3,2,19,Yes,353700
31,Rural,2543,4,3,0,Yes,434100
32,Downtown,1069,2,2,7,Yes,290100
33,Suburb,1909,2,2,18,Yes,297300
34,Rural,2309,3,2,46,No,330100
35,Rural,2578,4,3,22,Yes,423000
36,Downtown,3229,4,2,59,No,499200
37,Suburb,1094,2,2,39,Yes,209200
38,Suburb,1607,3,2,71,Yes,280400
39,Suburb,2445,4,3,66,Yes,332400
40,Rural,1509,3,2,40,Yes,238000
41,Downtown,1840,3,2,31,Yes,336000
42,Suburb,1463,4,3,1,No,251300
43,Suburb,2186,4,3,57,No,346000
44,Rural,1642,3,2,4,Yes,273600
45,Suburb,2780,4,3,71,Yes,391900
46,Rural,3460,6,4,73,Yes,489300
47,Rural,1584,5,3,61,Yes,230600
48,Rural,3456,6,4,42,Yes,489100
49,Downtown,977,2,2,38,Yes,256600
50,Suburb,2673,3,2,34,Yes,407100
51,Downtown,3091,4,3,65,No,468800
52,Rural,2384,4,3,36,Yes,342700
53,Rural,1274,1,1,69,Yes,186100
54,Rural,3083,5,4,59,No,409400
55,Rural,2968,5,4,42,Yes,386300
56,Downtown,2548,3,2,25,No,442600
57,Rural,2399,4,3,46,Yes,330200
58,Suburb,2507,4,3,10,Yes,391400
59,Suburb,2531,5,3,72,Yes,402500
60,Downtown,2343,3,3,17,No,404500
61,Downtown,2354,4,3,39,No,414000
62,Downtown,942,1,1,49,No,195500
63,Downtown,889,1,1,69,Yes,171800
64,Downtown,3341,4,3,16,Yes,563500
65,Downtown,2882,5,3,52,No,484000
66,Downtown,2975,5,4,55,No,490300
67,Suburb,2605,3,3,21,Yes,415700
68,Downtown,1017,1,1,52,No,194500
69,Rural,1022,3,2,30,Yes,179400
70,Suburb,2935,5,4,71,Yes,434300
71,Downtown,2916,5,4,14,Yes,540700
72,Rural,2108,3,3,79,No,299000
73,Downtown,811,1,1,52,No,160500
74,Suburb,2904,4,3,70,Yes,454000
75,Downtown,1356,2,2,48,No,223900
76,Suburb,2946,5,4,12,Yes,490300
77,Suburb,1397,2,2,67,Yes,229600
78,Downtown,843,1,1,16,No,157900
79,Rural,1313,1,1,70,Yes,185400
80,Rural,2689,5,3,24,Yes,410300
81,Suburb,1305,1,2,4,Yes,235400
82,Downtown,2312,2,2,37,Yes,379800
83,Suburb,1997,2,1,45,Yes,314800
84,Rural,1508,2,2,1,Yes,214600
85,Suburb,2927,4,3,41,Yes,442400
86,Downtown,951,1,2,61,No,161400
87,Rural,2867,5,3,66,Yes,437600
88,Suburb,1225,2,2,12,Yes,235600
89,Suburb,1206,2,1,25,No,213500
90,Rural,1910,3,3,17,Yes,350800
91,Rural,1374,1,1,44,Yes,176700
92,Suburb,3484,5,4,18,No,532800
93,Suburb,2086,3,2,18,Yes,329600
94,Downtown,2097,3,2,46,No,380400
95,Downtown,1088,1,1,31,No,244100
96,Suburb,1403,2,2,3,Yes,299900
97,Suburb,2761,4,3,18,Yes,410300
98,Suburb,1348,3,2,15,Yes,266500
99,Suburb,856,2,1,52,Yes,116600
100,Rural,2211,3,3,43,Yes,303000
101,Suburb,1649,3,3,77,Yes,298400
102,Suburb,2901,4,3,55,Yes,378800
103,Suburb,1777,3,3,11,Yes,338100
104,Downtown,1435,3,2,8,No,266000
105,Downtown,2605,3,2,67,No,411400
106,Rural,3157,5,3,46,Yes,428800
107,Downtown,1915,4,3,4,Yes,421800
108,Suburb,2719,4,3,62,Yes,434800
109,Rural,1476,2,2,28,Yes,219100
110,Rural,2476,4,3,51,Yes,366500
111,Rural,1197,1,2,27,No,159700
112,Rural,3106,5,4,37,Yes,466200
113,Downtown,942,2,2,22,Yes,204600
114,Suburb,2271,4,3,31,No,364200
115,Suburb,1793,2,2,61,Yes,235500
116,Downtown,3274,5,3,59,No,501300
117,Suburb,2747,3,2,28,Yes,365300
118,Suburb,2826,5,4,12,Yes,461800
119,Downtown,3040,4,3,28,No,503600
120,Downtown,2621,3,2,69,No,398300
121,Suburb,1129,1,1,31,Yes,186800
122,Suburb,3137,6,4,62,Yes,464900
123,Suburb,1465,1,1,1,Yes,263900
124,Downtown,1983,3,3,27,Yes,355700
125,Downtown,1224,2,2,12,No,254500
126,Suburb,3415,5,3,74,Yes,461600
127,Downtown,1092,2,2,73,Yes,211800
128,Rural,1954,2,1,74,Yes,241600
129,Downtown,3161,5,3,65,No,455800
130,Suburb,2572,3,2,58,Yes,385000
131,Suburb,958,2,2,1,No,229200
132,Downtown,3206,5,4,59,No,517800
133,Downtown,1472,2,1,44,Yes,256900
134,Rural,2543,4,2,45,Yes,361600
135,Suburb,2192,3,2,14,No,353300
136,Suburb,941,2,2,66,Yes,197600
137,Rural,1083,1,1,34,Yes,158100
138,Suburb,1608,2,2,63,No,230200
139,Downtown,2382,4,3,72,Yes,361900
140,Suburb,2186,4,3,51,No,391800
141,Downtown,1314,2,2,40,Yes,273800
142,Suburb,1320,2,2,46,Yes,209200
143,Suburb,3194,5,4,65,Yes,450900
144,Suburb,3088,5,3,21,No,492100
145,Suburb,1727,3,2,14,Yes,352200
146,Suburb,1649,3,3,26,Yes,311200
147,Rural,1195,3,2,5,Yes,220900
148,Suburb,2274,3,3,74,Yes,319700
149,Rural,1011,2,2,74,Yes,188400
150,Downtown,2136,4,3,76,No,336200
151,Suburb,2650,3,2,29,Yes,423900
152,Rural,857,1,1,21,Yes,128600
153,Rural,1052,1,1,26,Yes,184200
154,Rural,2673,5,4,27,Yes,386500
155,Suburb,873,1,1,48,Yes,152900
156,Suburb,2675,4,3,76,Yes,390900
157,Downtown,1089,1,1,25,No,257200
158,Rural,825,2,2,18,Yes,141700
159,Rural,3302,3,2,52,Yes,491000
160,Suburb,3209,5,4,78,No,474300
161,Downtown,1557,2,2,63,No,252900
162,Downtown,1066,2,1,45,No,162700
163,Suburb,2739,4,3,12,Yes,439300
164,Rural,2931,4,3,20,Yes,426600
165,Rural,3483,6,4,17,Yes,551100
166,Suburb,1418,3,2,44,Yes,250000
167,Suburb,1690,1,1,25,Yes,265300
168,Suburb,1215,2,1,49,Yes,201700
169,Suburb,2658,4,3,1,Yes,429900
170,Rural,1094,1,1,10,Yes,222700
171,Suburb,1316,1,1,2,No,206600
172,Downtown,1784,3,3,37,Yes,361900
173,Suburb,3360,6,4,75,Yes,453400
174,Rural,1564,2,1,34,No,237400
175,Suburb,2657,4,3,43,No,393200
176,Downtown,2922,3,2,41,Yes,447100
177,Downtown,2230,2,2,3,Yes,409200
178,Downtown,3054,5,3,27,Yes,506300
179,Suburb,2074,4,3,79,Yes,295300
180,Suburb,3001,4,3,39,Yes,406100
181,Rural,1484,2,2,15,No,164900
182,Rural,808,1,1,53,Yes,92900
183,Suburb,986,1,1,76,No,121600
184,Suburb,1339,2,1,72,Yes,168800
185,Downtown,3121,5,3,70,No,445700
186,Downtown,1578,2,2,76,No,208700
187,Downtown,1586,2,2,74,Yes,263500
188,Rural,2387,3,2,20,Yes,383000
189,Suburb,860,1,1,59,Yes,173200
190,Downtown,2008,3,2,75,No,279200
191,Suburb,1961,3,2,6,Yes,364100
192,Suburb,3427,6,4,25,Yes,594000
193,Suburb,3297,6,4,12,Yes,573000
194,Suburb,3298,5,4,50,No,520200
195,Rural,968,1,1,70,Yes,118900
196,Rural,3009,5,3,66,Yes,409100
197,Suburb,978,1,1,46,No,164400
198,Downtown,3294,4,3,52,No,529100
199,Downtown,3092,5,4,19,No,546600
200,Rural,2203,2,2,46,No,290400
201,Downtown,3198,5,3,3,Yes,559600
202,Rural,1801,2,1,78,Yes,226100
203,Downtown,911,2,2,27,Yes,244200
204,Downtown,1044,1,1,73,No,202500
205,Rural,1060,2,2,8,No,177300
206,Downtown,2741,5,4,6,Yes,516900
207,Suburb,1071,1,1,0,Yes,214700
208,Downtown,2117,3,2,37,No,379100
209,Downtown,1631,4,3,25,No,326700
210,Suburb,2933,4,3,3,Yes,448600
211,Rural,3306,6,4,51,Yes,475200
212,Rural,2057,4,3,44,Yes,317900
213,Suburb,3464,6,4,13,Yes,533500
214,Rural,1773,4,3,13,No,300600
215,Suburb,1334,2,2,64,No,228600
216,Downtown,3310,5,3,44,No,517700
217,Downtown,2997,6,4,59,No,503700
218,Downtown,2935,4,3,31,No,462200
219,Rural,3321,6,4,16,Yes,484900
220,Suburb,3263,6,4,72,Yes,485900
221,Suburb,2671,4,3,77,Yes,384100
222,Downtown,1571,3,2,53,No,298000
223,Downtown,2709,5,4,25,No,455700
224,Rural,801,1,1,34,No,124400
225,Suburb,1176,3,3,59,Yes,220300
226,Rural,1348,2,2,79,Yes,207700
227,Rural,2883,5,3,58,Yes,440200
228,Rural,915,2,1,32,No,144800
229,Rural,2691,5,4,29,Yes,405300
230,Suburb,2834,5,3,9,Yes,410900
231,Rural,2921,5,4,52,Yes,450500
232,Downtown,2815,5,3,13,Yes,502300
233,Rural,846,1,1,37,Yes,146900
234,Downtown,1745,3,2,79,Yes,289400
235,Suburb,1105,2,2,7,Yes,245500
236,Rural,1732,4,3,72,No,222300
237,Rural,1357,2,2,37,Yes,218500
238,Suburb,1399,3,2,73,Yes,181600
239,Downtown,978,2,1,17,No,237500
240,Suburb,1523,3,2,7,Yes,264800
241,Suburb,3139,4,3,66,No,478600
242,Downtown,2039,2,1,60,No,313600
243,Rural,2900,4,3,15,Yes,456900
244,Suburb,1541,3,2,19,Yes,324200
245,Downtown,2429,3,3,15,No,413800
246,Rural,2901,3,2,59,Yes,400200
247,Suburb,1394,2,2,68,Yes,183700
248,Downtown,820,1,1,32,No,201100
249,Rural,1612,2,2,1,No,278000
250,Downtown,1162,2,2,34,Yes,307700
251,Rural,1957,3,2,46,Yes,306300
252,Suburb,1625,2,2,3,Yes,273700
253,Rural,3261,6,4,15,Yes,514600
254,Downtown,3230,5,4,56,Yes,504900
255,Rural,2090,4,3,14,Yes,322200
256,Rural,1104,2,2,18,No,172000
257,Suburb,3195,4,3,3,Yes,535100
258,Suburb,815,2,2,39,No,145600
259,Downtown,3067,5,3,78,No,491500
260,Suburb,1258,2,2,5,Yes,236000
261,Downtown,3488,5,3,1,No,580600
262,Rural,1160,1,1,23,Yes,156200
263,Suburb,2512,4,3,24,Yes,364800
264,Suburb,1696,2,2,41,Yes,286500
265,Rural,2125,2,2,14,Yes,310700
266,Suburb,879,1,1,73,Yes,126200
267,Rural,2476,3,3,33,Yes,342600
268,Suburb,1024,2,2,59,No,148400
269,Suburb,1574,3,3,8,Yes,311200
270,Downtown,1988,3,3,42,No,340300
271,Downtown,1406,2,1,33,Yes,294000
272,Rural,1002,1,2,36,Yes,142500
273,Suburb,1877,2,1,78,Yes,191000
274,Downtown,2356,4,3,63,No,385200
275,Suburb,3093,6,4,53,Yes,508300
276,Suburb,1631,3,3,23,Yes,287500
277,Suburb,2928,5,4,23,Yes,501700
278,Suburb,3210,4,3,5,Yes,482800
279,Rural,2109,3,3,25,Yes,289300
280,Suburb,1192,1,1,23,Yes,205900
281,Suburb,1816,3,2,32,Yes,299100
282,Downtown,2243,4,3,49,No,372400
283,Rural,2836,4,3,51,No,387900
284,Downtown,809,1,1,22,No,221000
285,Suburb,1983,2,1,18,Yes,336700
286,Suburb,3251,5,3,30,Yes,433700
287,Suburb,1011,1,1,56,Yes,173300
288,Downtown,3190,5,4,5,No,502500
289,Rural,1124,2,2,71,Yes,199400
290,Suburb,2892,4,3,6,No,477300
291,Downtown,2620,4,3,23,No,489200
292,Downtown,1405,2,1,63,No,204400
293,Rural,2927,5,4,18,Yes,428800
294,Suburb,1321,2,2,3,Yes,292300
295,Rural,3088,6,4,68,Yes,443200
296,Downtown,1490,3,2,45,Yes,260700
297,Rural,1076,1,1,13,No,170200
298,Suburb,3022,4,3,40,Yes,473800
299,Downtown,2254,4,3,59,Yes,360200
300,Downtown,1077,2,1,73,No,226700
