CustomerID,MonthlyCharges,SupportCalls,DataGB
1001,25.21,3,2.2
1002,27.59,3,2.6
1003,50.74,0,10.6
1004,38.26,2,5.8
1005,96.2,0,30
1006,56.65,4,12.8
1007,51.67,0,6
1009,29.45,2,5.3
1010,33.82,1,5.1
1011,79.99,4,16.6
1012,65.65,2,6.3
1014,57.8,1,13
1015,94.29,1,6.7
1016,72.24,0,6.7
1017,74.3,1,8.3
1018,23.99,4,2
1019,31.93,2,3
1020,34.54,2,5.7
1021,31.49,1,5
1022,34.85,3,2.5
1023,76.39,0,17.6
1024,56.33,1,8.1
1025,58.29,0,13.2
1026,95,3,15.1
1027,85.48,1,6.2
1028,25.24,2,2.7
1029,42.12,2,2.3
1030,20.04,3,3.4
1031,16.1,1,4.1
1032,100.97,0,34.4
1033,107.4,3,23.9
1034,29.87,0,3.1
1035,42.94,1,2.3
1036,98.67,3,35.9
1037,53.64,1,4.7
1038,126.5,1,32.7
1039,59.73,0,7.6
1040,26.94,3,3.1
1041,39.44,1,3.1
1042,22.72,3,4.4
1044,67.5,4,36.1
1045,25.54,5,4.6
1046,70.21,2,17.4
1047,103.12,5,20
1048,38.05,3,4
1049,28.24,4,4.4
1050,89.79,0,21.8
1051,30.94,3,5.9
1052,86.36,0,22.9
1053,72.51,4,14.5
1054,114.09,1,32
1055,32.48,1,5.6
1056,101.24,2,36.2
1057,40,1,2.3
1058,48.24,1,2.1
1059,84.13,1,7.3
1060,126.51,0,34
1061,27.5,4,3.9
1062,29.1,0,2.7
1064,44.06,3,8.5
1066,89.94,3,32.5
1067,8.61,3,3.8
1068,31.57,1,2.6
1069,63.17,2,19.4
1070,67.98,2,36.3
1071,33.75,2,2.3
1072,41.61,3,5.4
1074,89.83,4,31.1
1075,112.71,4,24.5
1076,51.26,3,3.9
1078,118.98,7,37.1
1079,79.83,3,7.3
1080,86.27,4,40.4
1081,34.76,2,4.8
1082,34.04,4,4.4
1083,46.43,1,9.7
1084,76.46,0,30.7
1085,30.94,0,3
1086,25.49,2,3.8
1087,77.42,3,13.8
1088,57.09,2,16.9
1089,62.37,2,7
1090,51.91,2,10.1
1091,76.52,1,9.9
1092,0.32,0,4
1093,34.98,2,5.1
1095,35.61,8,2.1
1096,113.5,4,40.7
1097,56.14,2,10.5
1099,98.03,4,15.6
1100,43.95,6,3.3
1101,82.27,2,20.7
1102,80.03,3,15.5
1103,15.77,1,3
1105,103.96,4,34.1
1106,43.31,2,3.6
1107,42.63,3,5.9
1108,91.67,0,26.5
1109,36.89,2,4.7
1110,66.09,2,6.7
1111,46.15,0,2.8
1112,67.6,1,14.6
1113,93.15,2,34
1114,30.58,1,3.5
1115,75.42,3,7.4
1116,99.45,0,44
1117,81.39,1,21.4
1118,67.16,1,7.2
1119,66.28,4,14
1120,24.63,6,5.9
1121,38.9,2,3
1122,53.97,5,8
1123,63.32,1,9.6
1124,27.45,2,5.5
1125,31.19,1,3.2
1126,69.86,2,17.3
1127,27,0,2.1
1128,76.04,4,41.8
1129,63.06,2,9.8
1130,32.03,2,2.6
1131,80.54,2,38.8
1132,31.89,6,5.2
1133,92.05,4,15.7
1134,87.84,2,29.4
1135,36.45,0,3
1136,24.14,5,4.5
1137,61.82,0,3.2
1138,21.97,0,3.1
1139,54.54,2,7.3
1140,82.08,0,34
1141,111.36,0,30.4
1142,67.65,7,8.5
1143,77.19,4,14.8
1144,75.2,2,10.8
1146,28,3,3.1
1147,10.38,0,4.4
1148,59.97,4,8.8
1149,71.1,2,6.1
1151,63.06,0,9.9
1152,18.86,1,3.5
1153,75.29,2,36.5
1154,45.39,1,6
1155,63.01,1,11
1156,110.59,1,19.7
1158,55.73,1,4.2
1159,52.25,0,8.6
1160,33.1,5,5.9
1161,97.03,1,8
1162,25.55,0,2.8
1163,74.77,2,14.4
1164,82.36,6,6.4
1165,16.45,1,2.4
1166,14.57,4,3.1
1167,72.07,0,7
1168,72.7,0,11.6
1169,29.58,1,6.2
1170,31.08,2,5.8
1171,13.97,3,5.4
1172,29.07,2,5.2
1173,42.88,4,15.2
1174,89.42,1,21.2
1175,31.52,1,3.8
1176,114.48,0,37.5
1177,27.71,1,3.2
1178,32.37,1,5.5
1179,51.2,2,4.8
1180,35,0,17.6
1181,94.09,5,38.2
1182,30.59,0,7.4
1183,97.22,2,34.5
1184,79.66,2,15.4
1185,57.89,3,15.9
1186,78.23,1,15.6
1187,96.97,1,12.3
1188,113,2,28.5
1189,84.29,3,25
1190,70.75,4,9.5
1191,24.65,5,3.1
1192,51.28,5,5.7
1193,47.07,2,3.9
1194,66.82,1,6.4
1195,71.56,3,4.8
1196,60.29,2,12.8
1197,76.25,1,6.1
1198,70.83,0,9.1
1199,100.13,1,7.8
1200,45.89,2,5.3
1201,59.78,4,6.7
1202,22.91,5,3.4
1203,86.81,5,8.2
1204,55.33,4,11.8
1205,65.7,2,7.6
1206,42.39,4,5.1
1207,65.25,3,9.8
1208,29.82,2,5.3
1209,69.77,3,5.4
1210,57.61,2,14.8
1211,43.43,0,2.7
1212,45.8,0,3.9
1213,26.16,2,3.1
1214,60.03,1,5.7
1215,49.28,3,3.5
1216,54.67,5,6
1217,92.05,3,19.8
1218,21.95,0,2.6
1219,96.89,2,41.7
1220,22.87,0,4.9
1221,76.7,4,21.1
1222,77.11,2,13
1223,38.15,4,17.7
1224,75.42,4,6.9
1225,33.6,2,6
1226,45.38,3,3.6
1227,29.88,3,5.6
1229,47.37,0,4.7
1230,97.6,2,22
1231,32.35,0,4.4
1232,82.91,1,6.8
1233,68.82,1,9.8
1234,27.93,1,4.8
1235,98.04,1,12.7
1236,51.06,0,3.4
1237,85.06,3,38.9
1238,96.29,1,35.6
1240,76.77,0,10.6
1241,53.84,2,8.3
1243,67.6,2,12
1244,61.74,2,4.5
1246,112.95,3,33.6
1247,74.88,2,23.2
1248,106.44,2,41.1
1249,15.79,3,2.2
1250,38.11,4,5.4
1251,61.65,3,11.9
1253,51.29,4,6
1255,31.59,4,5.6
1256,15.16,0,3.1
1257,50.9,2,2.6
1258,21.58,0,5.5
1259,11.11,2,5.7
1260,44.11,2,2.1
1261,17.53,2,4.3
1262,78.91,2,20
1263,42.69,2,9.3
1264,82.67,4,15.3
1265,89.99,0,10.5
1266,35.13,3,5
1267,54.41,0,4.5
1268,66.04,2,2.9
1269,86.92,1,17
1270,58.04,2,15
1271,60.27,0,15.9
1272,87.91,0,39.1
1273,115.32,2,24.6
1274,35.07,4,3.3
1275,71.5,3,6.5
1276,76.83,2,7
1277,50.19,1,5.7
1278,107.52,0,36.9
1279,64.59,3,7.8
1280,86.52,2,11.8
1281,93.47,3,44.1
1282,63.06,1,7.3
1284,64.34,2,17.4
1285,34.79,3,3.7
1286,34.32,1,4.4
1287,69.6,0,14.1
1288,56.36,0,8.8
1289,84.16,3,45
1290,34.84,3,3.5
1291,48.74,6,12.8
1292,43.3,2,3.8
1293,118.91,0,31.8
1294,44.99,1,4.6
1295,40.31,0,3.8
1296,7.15,1,5
1297,30.8,0,4.2
1298,26.93,0,5.7
1299,48.81,3,2.2
1300,45.79,1,8
1301,70.9,3,10.3
1302,67.88,1,17.3
1303,40.02,2,16.4
1304,59.88,0,6.2
1305,45.58,2,4.8
1306,51.5,0,3.2
1307,71.79,3,9.3
1308,77.5,1,20.9
1309,61.62,0,6.2
1310,35.98,1,5.3
1311,46.2,0,3.5
1312,61.99,3,15.9
1313,49.18,1,17.9
1314,2.09,1,5.9
1315,37.28,0,4.8
1316,66.79,1,13.9
1317,79.1,2,15.2
1318,56.39,1,14.3
1319,43.08,0,5.6
1320,52.9,0,3.5
1321,105.05,0,17.6
1322,77.7,0,10
1323,32.74,3,4.5
1324,55.03,1,12.5
1325,53.61,3,4.5
1326,68.06,1,16.8
1327,35.25,0,4.6
1328,18.78,4,5.6
1329,79.88,0,7
1330,42.27,0,4.2
1331,43.99,3,6.3
1332,105.29,0,35.4
1333,64.94,0,8.9
1334,35.88,2,5.7
1336,50.58,4,17.1
1337,30.87,0,5.2
1338,97.83,2,29.7
1339,34.5,2,4.4
1340,58.38,0,15.7
1341,95.3,1,45
1342,59.4,3,13.6
1343,49.28,3,11
1345,42.91,0,2.7
1346,44.95,2,15.3
1347,91.38,1,17.5
1348,24.24,2,5.3
1349,23.44,0,3.8
1350,83,5,11.7
1351,36.43,4,2.6
1352,25.22,1,3.7
1353,106.81,1,33.5
1354,6.06,4,3
1355,86.89,0,25.9
1356,111.35,0,19.3
1357,44.35,2,2.5
1358,62.24,3,16.7
1359,97.76,0,40.3
1360,80.18,0,17.5
1361,66.25,1,12.4
1362,79.37,2,6.4
1363,33.7,4,2.9
1364,112.98,0,40.4
1365,20.66,2,3.1
1366,23.46,2,2.4
1367,55.39,2,9.5
1368,65.47,4,6
1369,23.42,1,4
1370,92.77,3,23.2
1371,64.31,2,13.4
1372,36.74,3,3.4
1373,97.19,2,30.3
1374,69.09,0,43.3
1375,53.58,3,5.8
1376,28.66,1,3
1377,49.95,1,2.1
1378,50.94,2,9.8
1379,113.25,4,39
1380,58.57,0,14.2
1381,32.05,2,4.3
1382,102.54,5,37.3
1383,70.09,4,9.5
1384,62.3,3,11.4
1385,36.67,0,5
1386,79.69,1,12
1387,61.46,0,11
1388,27.88,0,4.3
1390,63.46,4,2.7
1391,71.08,2,7.8
1392,13.7,6,2
1393,60.91,1,16
1394,1.29,1,3.9
1395,80.37,1,41
1396,93.65,0,34.7
1397,99.37,4,38.7
1398,19.35,4,4.2
1400,83.94,1,7.5
1401,101.33,1,41.5
1402,55.89,3,9.1
1403,37.96,0,2.7
1404,77.07,1,9.1
1405,60.29,2,14.2
1406,74.28,3,8.8
1407,72.23,1,6.4
1408,49.45,2,9
1409,55.35,4,3.2
1410,82.2,3,25.4
1411,88.92,3,40.5
1412,42.01,1,2.3
1413,60.28,0,7.1
1414,27.18,2,4.2
1415,61.67,5,7.3
1416,79.6,3,11.8
1417,47.73,1,2.8
1418,37.26,1,2.2
1419,90.82,4,15.3
1420,25.98,3,4.7
1421,44.34,2,15.2
1422,75.07,2,15.6
1423,26.27,0,4.2
1424,97.97,2,27.6
1425,19.32,3,2.7
1426,60.44,4,16.8
1427,50.61,2,6.2
1428,31.65,4,5.9
1429,54.32,0,7.8
1430,59.09,3,17.2
1431,42.33,1,7.1
1432,39.68,5,10.4
1433,54.29,4,11.7
1434,28.3,3,5.7
1435,48.73,6,6.7
1436,73.29,5,17.1
1437,48.38,1,12.4
1438,47.83,2,4.4
1439,41.08,3,5.3
1440,67.87,4,14.9
1441,114.66,1,27.3
1442,34.48,2,2.5
1443,31.25,1,3.4
1444,61.84,2,17.1
1445,46.56,0,4.8
1446,82.84,1,14.8
1447,36.95,2,4.4
1448,82.63,2,17.2
1449,36.48,1,4.2
1450,52.49,1,8.1
1451,67.02,3,9.8
1452,44.61,0,2.1
1453,82.89,1,23
1454,46.22,3,2.5
1456,30.55,1,5.6
1457,44.08,5,4.2
1458,94.39,4,34
1459,30.46,3,4.3
1460,24.13,6,4.6
1461,46.19,1,17.5
1462,12.58,0,4.7
1463,37.19,0,4.2
1464,83.81,2,25.8
1465,66.62,3,11.6
1466,102.88,1,16
1467,103.98,2,44.2
1469,92.55,0,25.2
1470,38.5,5,3.8
1471,32.73,1,3.7
1472,26.85,2,3
1473,61.23,2,15.7
1474,53.6,6,5.5
1475,48.11,3,3.9
1476,33.13,4,5.8
1477,94.94,3,41.4
1478,19.9,3,4.1
1479,28.67,2,4.9
1480,33.93,4,3.4
1481,35.79,0,5.4
1482,107.49,1,31.3
1483,94.39,0,21.4
1484,35.85,5,3.3
1485,76.06,3,12.5
1486,48.44,3,3.7
1487,90.91,2,24.9
1488,35.06,2,4.7
1489,114.39,0,33.7
1490,32.09,5,2.9
1491,64.09,4,15.5
1492,93.76,0,32.2
1493,36.54,3,4.4
1494,11.09,0,2.8
1495,101.62,1,16.7
1496,55.28,2,5.5
1497,28.34,7,2.9
1498,51.91,1,3.2
1499,54.57,0,5.2
1500,70.45,0,7.4
2001,50,1,5
2002,50,1,5
2003,50,1,5
2004,50,1,5
2005,50,1,5
2006,50,1,5
2007,50,1,5
2008,50,1,5
